name,mon_start,tue_start,wed_start,thu_start,fri_start,sat_start,sun_start,hol_start,mon_end,tue_end,wed_end,thu_end,fri_end,sat_end,sun_end,hol_end,businessHours
유림동물안과병원,9:00,9:00,9:00,14:00,9:00,9:00,,,18:00,18:00,18:00,18:00,18:00,18:00,,,"평일,토 09:00~18:00,목 14:00~18:00"
다루동물병원,10:00,10:00,10:00,10:00,10:00,10:00,,,20:00,20:00,20:00,20:00,20:00,19:00,,,평일 10:00~20:00/토 10:00~19:00
제일종합동물병원,,,,,,,,,,,,,,,,,
안암종합동물병원,,,,,,,,,,,,,,,,,
포레동물병원,10:00,10:00,10:00,10:00,10:00,10:00,,,19:00,19:00,19:00,19:00,19:00,14:00,,,평일 10:00~19:00 / 토요일 10:00~14:00
우리들동물종합병원,10:00,10:00,10:00,10:00,10:00,10:00,,10:00,19:30,19:30,19:30,19:30,19:30,18:30,,18:30,"평일 10:00~19:30/토,공휴일 10:00~18:30"
신창동물병원,10:00,10:00,10:00,10:00,10:00,10:00,10:00,10:00,20:00,20:00,20:00,20:00,20:00,20:00,20:00,20:00,매일 10:00~20:00
튼튼동물병원,10:00,10:00,10:00,10:00,10:00,10:00,10:00,10:00,18:00,18:00,18:00,18:00,18:00,18:00,18:00,18:00,"매일 10:00~18:00 (월,일요일 예약진료만 가능)"
이재풍동물병원,9:30,9:30,9:30,9:30,9:30,,,13:00,21:00,21:00,21:00,21:00,21:00,,,21:00,평일 09:30~21:00/ 공휴일 13:00~21:00
고양이병원 백산동물병원,9:30,9:30,9:30,9:30,9:30,9:30,9:30,9:30,20:00,20:00,20:00,20:00,20:00,20:00,20:00,20:00,매일 일반진료 09:30~20:00 / 매일 응급진료 20:00~09:00 (모든 진료는 예약제로 운영됩니다)
스테이동물병원,10:00,10:00,10:00,10:00,10:00,10:00,,,20:00,20:00,20:00,20:00,20:00,18:00,,,평일 10:00~20:00 / 토요일 10:00~18:00
녹번동물병원,,,,,,,,,,,,,,,,,
로얄동물병원,9:00,9:00,9:00,9:00,9:00,9:00,9:00,9:00,22:00,22:00,22:00,22:00,22:00,22:00,22:00,22:00,"매일 09:00~22:00/야간응급 22:00~09:00(금,토 휴무)/미용 10:00~19:00(전화예약필수)"
오렌지동물병원,9:00,9:00,9:00,9:00,9:00,,10:00,10:00,21:00,21:00,21:00,21:00,21:00,,20:00,20:00,"평일 09:00~21:00 / 일,공휴일 10:00~20:00"
노룬산동물병원,10:00,10:00,10:00,10:00,10:00,10:00,,,19:00,19:00,19:00,19:00,19:00,17:00,,,평일 10:00~19:00/토요일 10:00~17:00
선릉동물병원,9:30,9:30,9:30,9:30,9:30,9:30,9:30,,21:30,21:30,21:30,21:30,21:30,21:30,19:00,,월~토 09:30~21:30/일 09:30~19:00
피카소동물병원,9:00,9:00,9:00,9:00,9:00,9:00,,,20:00,20:00,20:00,20:00,20:00,19:00,,,평일 09:00~20:00/토요일 09:00~19:00
양지동물병원,9:00,9:00,9:00,9:00,9:00,9:00,9:00,9:00,22:00,22:00,22:00,22:00,22:00,22:00,22:00,22:00,매일 09:00~22:00
사랑의동물병원,10:00,10:00,10:00,10:00,10:00,10:00,,,19:00,19:00,19:00,19:00,19:00,17:00,,,평일 10:00~19:00/토 10:00~17:00/미용시간 10:30~17:00 (예약제)
원동물병원,10:00,10:00,10:00,10:00,10:00,10:00,,,19:00,19:00,19:00,19:00,19:00,17:00,,,평일 10:00~19:00 / 토요일 10:00~17:00
보광동물병원,9:00,9:00,9:00,9:00,9:00,9:00,,,19:00,19:00,19:00,19:00,19:00,19:00,,,"평일,토 09:00~19:00"
Dr.주 동물병원,10:00,10:00,10:00,10:00,10:00,10:00,,,18:30,18:30,18:30,18:30,18:30,15:00,,,평일 10:00~18:30/토 10:00~15:00
피닉스동물병원,9:30,9:30,9:30,9:30,9:30,9:30,,9:30,20:00,20:00,20:00,20:00,20:00,17:00,,17:00,"평일 09:30~20:00/토,공휴일 09:30~17:00"
올바른동물병원,10:00,10:00,10:00,10:00,10:00,10:00,,,20:00,20:00,20:00,20:00,20:00,18:00,,,평일 10:00~20:00/토 10:00~18:00
시마동물병원,10:00,10:00,10:00,10:00,10:00,10:00,10:00,10:00,20:00,20:00,20:00,20:00,20:00,20:00,20:00,20:00,매일 10:00~20:00
가재울봉쥬르동물병원,9:30,9:30,9:30,9:30,9:30,9:30,,,20:00,20:00,20:00,20:00,20:00,19:00,,,평일 09:30~20:00 / 토요일 09:30~19:00
사랑의동물병원,9:00,9:00,9:00,9:00,9:00,9:00,9:00,9:00,20:00,18:00,20:00,20:00,20:00,20:00,20:00,20:00,매일 09:00~20:00 / 화요일 09:00~18:00
형제종합동물병원,9:00,9:00,9:00,9:00,9:00,9:00,10:00,9:00,21:00,21:00,21:00,21:00,21:00,19:00,19:00,19:00,"평일 09:00~21:00/토,공휴일 09:00~19:00/일 10:00~19:00"
리더스동물병원,9:00,9:00,9:00,9:00,9:00,9:00,9:00,9:00,22:00,22:00,22:00,22:00,22:00,22:00,22:00,22:00,매일 09:00~22:00
한스동물병원,10:00,10:00,10:00,10:00,10:00,10:00,,,20:00,20:00,19:00,19:00,19:00,16:00,,,"월,화요일 10:00~20:00 / 수,목,금요일 10:00~19:00 / 토요일 10:00~16:00"
24시센트럴동물메디컬센터,0:00,0:00,0:00,0:00,0:00,0:00,0:00,0:00,24:00:00,24:00:00,24:00:00,24:00:00,24:00:00,24:00:00,24:00:00,24:00:00,매일 00:00~24:00
미래동물병원,,,,,,,,,,,,,,,,,
충현동물종합병원,8:00,8:00,8:00,8:00,8:00,8:00,8:00,8:00,20:00,20:00,20:00,20:00,20:00,20:00,20:00,20:00,"주간진료 08:00~20:00,야간진료 20:00~23:00,심야 응급진료 23:00~08:00"
우주동물병원,10:00,10:00,10:00,10:00,10:00,10:00,10:00,10:00,20:00,20:00,20:00,20:00,20:00,20:00,20:00,20:00,매일 10:00~20:00
황동물병원,,,,,,,,,,,,,,,,,
스마트동물병원 강동암사점,10:00,10:00,10:00,10:00,10:00,10:00,10:00,10:00,21:00,21:00,21:00,21:00,21:00,19:00,19:00,19:00,"평일 10:00~21:00/주말,공휴일 10:00~19:00"
희망동물병원,9:30,9:30,9:30,9:30,9:30,9:30,,,19:00,19:00,19:00,19:00,19:00,19:00,,,"평일,토요일 09:30~19:00"
현대종합동물병원,9:00,9:00,9:00,9:00,9:00,9:00,,,21:00,21:00,21:00,21:00,21:00,19:00,,,평일 09:00~21:00 / 토요일 09:00~19:00
금천종합동물병원,10:00,10:00,10:00,10:00,10:00,0:00,,,19:30,19:30,19:30,19:30,19:30,24:00:00,,,"평일 10:00~19:30,토 00:00~24:00"
용봉가축병원,9:00,9:00,9:00,9:00,9:00,9:00,9:00,9:00,20:00,20:00,20:00,20:00,20:00,20:00,20:00,20:00,매일 09:00~20:00
리즈동물병원,10:00,10:00,10:00,10:00,10:00,,12:00,12:00,20:00,20:00,20:00,20:00,20:00,,18:00,18:00,"평일 10:00~20:00/일,공휴일 12:00~18:00(일요일 예약진료)"
재활한방 나눔동물병원,10:00,10:00,,10:00,10:00,10:30,,,19:00,19:00,,19:00,19:00,17:30,,,"월,화,목,금 10:00~19:00/토 10:30~17:30"
남산동물병원,9:30,9:30,9:30,9:30,9:30,9:30,,,19:00,19:00,19:00,19:00,19:00,19:00,,,평일 09:30~19:00/토 09:30~19:00
마더스동물병원,10:00,10:00,10:00,10:00,10:00,10:00,10:00,10:00,20:00,20:00,20:00,20:00,20:00,20:00,18:00,18:00,"월~토 10:00~20:00/일,공휴일 10:00~18:00"
키움동물병원,10:00,10:00,10:00,10:00,10:00,10:00,,10:00,20:00,20:00,20:00,20:00,20:00,18:00,,18:00,"평일 10:00~20:00/토,공휴일 10:00~18:00"
내품에동물병원,10:00,10:00,10:00,10:00,10:00,10:00,10:00,,21:00,21:00,21:00,21:00,21:00,21:00,18:00,,"평일,토요일 10:00~21:00 / 일 10:00~18:00"
다온동물병원,10:00,10:00,10:00,10:00,10:00,10:00,13:00,,20:00,20:00,20:00,20:00,20:00,19:00,17:00,,평일 10:00~20:00/토 10:00~19:00/일 13:00~17:00(예약진료)
대치수동물병원,10:00,10:00,10:00,10:00,10:00,10:00,14:00,,20:00,20:00,20:00,20:00,20:00,20:00,18:00,,월~토 10:00~20:00/ 일 13:00~18:00(예약진료)
24시 애니동물병원,9:00,9:00,9:00,9:00,9:00,9:00,9:00,9:00,21:00,21:00,21:00,21:00,21:00,21:00,21:00,21:00,일반진료 매일 09:00~21:00 / 야간진료 21:00~09:00
하나동물병원,,,,,,,,,,,,,,,,,
아띠동물의료센터,10:00,10:00,10:00,10:00,10:00,10:00,10:00,,22:00,22:00,22:00,22:00,22:00,20:00,20:00,,평일 10:00~22:00 / 주말 10:00~20:00
24시 마곡M동물의료센터,10:00,10:00,10:00,10:00,10:00,10:00,10:00,10:00,21:30,21:30,21:30,21:30,21:30,21:30,21:30,21:30,매일 00:00~24:00 / 주간진료 10:00~21:30 / 야간진료 21:30~10:00
신내동물병원,10:00,10:00,10:00,10:00,10:00,10:00,,,19:00,19:00,19:00,19:00,19:00,17:00,,,평일 10:00~19:00/토 10:00~17:00
더샵동물메디컬센터,10:00,10:00,10:00,10:00,10:00,10:00,10:00,10:00,20:00,20:00,20:00,20:00,20:00,20:00,20:00,20:00,매일 10:00~20:00
대치성심동물병원,10:00,10:00,10:00,10:00,10:00,10:00,,,19:00,19:00,19:00,19:00,19:00,19:00,,,월~토 10:00~19:00
도곡종합동물병원,10:30,10:30,10:30,10:30,10:30,10:30,11:00,,19:00,19:00,19:00,19:00,19:00,19:00,24:00:00,,"월~토 10:30~19:00/일 11:00~00:00(예약진료)/미용 10:00~17:00(목요일,일요일 휴무)"
참사랑동물병원,10:00,10:00,10:00,10:00,10:00,10:00,,,20:00,20:00,20:00,20:00,20:00,19:00,,,평일 10:00~20:00/토 10:00~19:00
바우미우동물병원,9:00,9:00,9:00,9:00,9:00,9:00,10:00,10:00,21:00,21:00,21:00,21:00,20:00,18:00,18:00,18:00,"월~목 09:00~21:00/금 09:00~20:00/토 09:00~18:00/일,공휴일10:00~18:00"
맑은동물병원,10:00,10:00,10:00,10:00,10:00,10:00,,,19:00,19:00,19:00,19:00,19:00,13:00,,,평일 10:00~19:00/토 10:00~13:00
헬릭스동물메디컬센터 송파점,9:00,9:00,9:00,9:00,9:00,9:00,9:00,9:00,22:00,22:00,22:00,22:00,22:00,22:00,22:00,22:00,매일 09:00~22:00 (야간응급실 24시간운영)
닥터그레이동물병원,10:00,10:00,10:00,10:00,10:00,10:00,,10:00,20:00,20:00,20:00,20:00,20:00,17:00,,17:00,"평일 10:00~20:00 (목요일은 예약진료만 가능) / 토요일,공휴일 10:00~17:00"
엘동물병원,10:00,10:00,10:00,10:00,10:00,10:00,,,19:00,19:00,19:00,19:00,19:00,15:00,,,평일 10:00~19:00/토 10:00~15:00
좋아요 동물병원,10:00,10:00,10:00,10:00,10:00,10:00,,,19:00,19:00,19:00,19:00,19:00,18:00,,,평일 10:00~19:00 /토 10:00~18:00
한수동물병원,10:00,10:00,10:00,10:00,10:00,,,10:00,20:00,19:00,19:00,19:00,20:00,,,19:00,"화,수,목,공휴일 10:00~19:00/월,금 10:00~20:00"
공원옆동물병원,10:00,10:00,10:00,10:00,10:00,10:00,,,19:30,19:30,19:30,19:30,19:30,17:00,,,평일 10:00~19:30 / 토요일 10:00~17:00
홍익동물종합병원,9:30,9:30,9:30,9:30,9:30,9:30,,9:30,19:00,19:00,19:00,19:00,19:00,18:00,,18:00,"평일 09:30~19:00/토,공휴일 09:30~18:00"
우리동물병원생명사회적협동조합,10:00,10:00,10:00,10:00,10:00,10:00,,10:00,20:00,20:00,20:00,20:00,20:00,18:00,,18:00,"평일 10:00~20:00 / 토,일부 공휴일 10:00~18:00"
청화종합동물병원,9:00,9:00,9:00,9:00,9:00,9:00,9:00,9:00,19:00,19:00,19:00,19:00,19:00,19:00,19:00,19:00,매일 09:00~19:00
방배한강동물병원,10:00,10:00,10:00,10:00,10:00,10:00,10:00,,19:00,19:00,19:00,19:00,19:00,19:00,19:00,,월~일 10:00~19:00
마음을나누는동물병원,10:00,10:00,10:00,10:00,10:00,10:00,10:00,10:00,19:00,19:00,19:00,19:00,19:00,19:00,19:00,19:00,매일 10:00~19:00
홍제동물병원,9:00,9:00,9:00,9:00,9:00,9:00,9:00,9:00,20:00,20:00,20:00,20:00,20:00,20:00,20:00,20:00,매일 09:00~20:00
퓨리나 동물병원,10:00,10:00,10:00,10:00,10:00,10:00,10:00,10:00,20:00,20:00,20:00,20:00,20:00,20:00,20:00,20:00,매일 10:00~20:00
노아동물병원,10:00,10:00,10:00,10:00,10:00,10:00,10:00,10:00,21:00,21:00,21:00,21:00,21:00,21:00,21:00,21:00,매일 10:00~21:00
파란동물병원,10:00,10:00,10:00,10:00,10:00,10:00,,,20:00,20:00,20:00,20:00,20:00,19:00,,,평일 10:00~20:00 / 토요일 10:00~19:00
원러브동물의료센터,10:00,10:00,10:00,10:00,10:00,10:00,10:00,10:00,21:00,21:00,21:00,21:00,21:00,21:00,21:00,21:00,매일 10:00~21:00
영국동물병원,9:00,9:00,9:00,9:00,9:00,9:00,9:00,9:00,20:00,20:00,20:00,20:00,20:00,20:00,20:00,20:00,매일 09:00~20:00
자양동물병원,10:00,10:00,10:00,10:00,10:00,10:00,,10:00,20:00,20:00,20:00,20:00,20:00,16:30,,18:00,평일 10:00~20:00/토 10:00~16:30/공휴일 10:00~18:00
헬프유기동물의료센터,11:00,11:00,11:00,11:00,11:00,11:00,11:00,11:00,20:00,20:00,20:00,20:00,20:00,20:00,20:00,20:00,매일 11:00~20:00
심바동물병원,10:00,10:00,10:00,10:00,10:00,10:00,10:00,10:00,19:00,19:00,19:00,19:00,19:00,19:00,19:00,19:00,매일 10:00~19:00
창문동물병원,9:30,9:30,9:30,9:30,9:30,9:30,,9:30,19:00,19:00,19:00,19:00,19:00,17:00,,17:00,"평일 09:30~19:00/토,공휴일 09:30~17:00"
안단테 동물병원,10:00,10:00,10:00,10:00,10:00,10:00,10:00,,20:00,20:00,20:00,20:00,20:00,17:00,17:00,,평일 10:00~20:00/주말 10:00~17:00
쥬라기동물병원,10:00,10:00,10:00,10:00,10:00,10:00,10:00,10:00,20:00,20:00,20:00,20:00,20:00,20:00,20:00,20:00,매일 10:00~20:00
펫토이동물병원,10:00,10:00,10:00,10:00,10:00,,,,20:00,20:00,20:00,20:00,20:00,,,,평일 10:00~20:00
스머프동물병원,0:00,0:00,0:00,0:00,0:00,0:00,0:00,0:00,24:00:00,24:00:00,24:00:00,24:00:00,24:00:00,24:00:00,24:00:00,24:00:00,매일 00:00~24:00
별난동물병원,10:00,10:00,10:00,10:00,10:00,,,,21:00,21:00,21:00,21:00,21:00,,,,평일 10:00~21:00
24시지구촌동물메디컬센터,0:00,0:00,0:00,0:00,0:00,0:00,0:00,0:00,24:00:00,24:00:00,24:00:00,24:00:00,24:00:00,24:00:00,24:00:00,24:00:00,매일 00:00~24:00
굿모닝 동물병원,10:00,10:00,10:00,10:00,10:00,,,,22:00,22:00,22:00,22:00,22:00,,,,평일 10:00~22:00
하나카동물병원,10:00,10:00,10:00,10:00,10:00,10:00,,10:00,20:00,20:00,20:00,20:00,20:00,19:00,,19:00,"평일 10:00~20:00/토,공휴일 10:00~19:00"
24시 청담우리동물병원,0:00,0:00,0:00,0:00,0:00,0:00,0:00,0:00,24:00:00,24:00:00,24:00:00,24:00:00,24:00:00,24:00:00,24:00:00,24:00:00,매일 00:00~24:00
웰리스동물병원,10:00,10:00,10:00,10:00,10:00,10:00,10:00,10:00,19:00,19:00,19:00,19:00,19:00,19:00,19:00,19:00,매일 10:00~19:00
아이원동물병원,10:00,10:00,10:00,10:00,10:00,10:00,10:00,,21:00,21:00,21:00,21:00,21:00,21:00,19:00,,"평일,토요일 10:00~21:00 / 일요일 10:00~19:00"
웰니스동물병원 롯데월드점,10:00,10:00,10:00,10:00,10:00,10:00,10:00,,19:00,19:00,19:00,19:00,19:00,17:00,17:00,,평일 10:00~19:00 / 주말 10:00~17:00
24시서울플러스종합동물병원,,,,,,,,,,,,,,,,,
헬릭스동물암센터,10:00,10:00,10:00,10:00,10:00,10:00,10:00,,19:00,19:00,19:00,19:00,19:00,19:00,19:00,,"평일,주말 10:00~19:00"
유림동물병원,10:00,10:00,10:00,10:00,10:00,10:00,,10:00,20:00,20:00,20:00,20:00,20:00,19:00,,19:00,"평일 10:00~20:00 / 토요일,공휴일 10:00~19:00"
쥬라기동물병원,9:30,9:30,9:30,9:30,9:30,9:30,,9:30,20:00,20:00,20:00,20:00,20:00,18:00,,18:00,"평일 09:30~20:00/토,공휴일 09:30~18:00"
헬릭스동물메디컬센터,0:00,0:00,0:00,0:00,0:00,0:00,0:00,0:00,24:00:00,24:00:00,24:00:00,24:00:00,24:00:00,24:00:00,24:00:00,24:00:00,매일 00:00~24:00
당고개동물병원,,,,,,,,,,,,,,,,,
김정복동물병원,,,,,,,,,,,,,,,,,
고득영동물병원,9:00,9:00,9:00,9:00,9:00,9:00,9:00,9:00,21:00,21:00,21:00,21:00,21:00,21:00,21:00,21:00,매일 09:00~21:00
캣앤캣 고양이 병원,10:00,10:00,10:00,,10:00,10:00,,,20:00,20:00,20:00,,20:00,18:30,,,"월,화,수,금 10:00~20:00/토 10:00~18:30"
우리아이동물메디컬센터,9:30,9:30,9:30,9:30,9:30,9:30,9:30,9:30,21:30,21:30,21:30,21:30,21:30,21:30,21:30,21:30,매일 09:00~22:00(진료 09:30~21:30)
시민동물병원,,,,,,,,,,,,,,,,,
나리울동물병원,10:00,10:00,10:00,10:00,10:00,10:00,,,19:00,19:00,19:00,19:00,19:00,14:30,,,평일 10:00~19:00/토 10:00~14:30
동물병원 베를린,,9:00,9:00,9:00,9:00,9:00,,,,18:30,18:30,18:30,18:30,18:30,,,"화,수,목,금,토요일 09:00~18:30"
광화문동물병원,9:00,9:00,9:00,9:00,9:00,9:00,,,20:30,20:30,20:30,20:30,20:30,19:00,,,평일 09:00~20:30/토 09:00~19:00
이로동물의료센터,10:00,10:00,10:00,10:00,10:00,10:00,10:00,10:00,21:00,21:00,21:00,21:00,21:00,21:00,21:00,21:00,매일 10:00~21:00 (일반진료) / 매일 21:00~10:00 (응급진료)
뉴타운동물병원,9:30,9:30,9:30,9:30,9:30,,,,20:00,20:00,20:00,20:00,20:00,,,,평일 09:30~20:00
허브동물병원,10:00,10:00,10:00,10:00,10:00,10:00,11:00,10:00,20:30,20:30,20:30,20:30,20:30,20:30,17:00,20:30,매일 10:00~20:30 / 일 11:00~17:00 (예약진료)
옥수수동물병원,10:00,10:00,10:00,10:00,10:00,10:00,,,19:00,19:00,19:00,19:00,19:00,19:00,,,월~토 10:00~19:00
제인동물병원,9:30,9:30,9:30,9:30,9:30,9:30,,,19:00,19:00,19:00,19:00,19:00,18:00,,,평일 09:30~19:00 / 토요일 09:30~18:00
25시동물의료센터,10:00,10:00,10:00,10:00,10:00,10:00,10:00,10:00,21:00,21:00,21:00,21:00,21:00,21:00,21:00,21:00,주간진료 매일 10:00~21:00 / 야간진료 21:00~10:00
사랑동물병원,10:00,10:00,10:00,10:00,10:00,10:00,,,20:00,20:00,20:00,20:00,20:00,17:00,,,평일 10:00~20:00 / 토 10:00~17:00
강북24시N동물의료센터,0:00,0:00,0:00,0:00,0:00,0:00,0:00,0:00,24:00:00,24:00:00,24:00:00,24:00:00,24:00:00,24:00:00,24:00:00,24:00:00,매일 00:00~24:00
세계로동물병원의료센터,9:30,9:30,9:30,9:30,9:30,9:30,9:30,9:30,19:30,19:30,19:30,19:30,19:30,18:00,19:30,18:00,"매일 09:30~19:30 / 토,공휴일 09:30~18:00"
차지우동물병원,,,10:30,10:30,10:30,10:30,,,,,17:00,17:00,17:00,16:00,,,"수,목,금요일 10:30~17:00 / 토요일 10:30~16:00"
와이즈24시 동물병원,10:00,10:00,10:00,10:00,10:00,10:00,,,19:30,19:30,19:30,19:30,19:30,16:00,,,평일 10:00~19:30 / 토요일 10:00~16:00 / 일요일 휴진
역삼동물병원,10:30,10:30,10:30,10:30,10:30,10:30,10:30,10:30,24:00:00,24:00:00,24:00:00,24:00:00,24:00:00,24:00:00,24:00:00,24:00:00,"평일,주말,공휴일 10:30~24:00"
24시잠실ON동물의료센터,10:00,10:00,10:00,10:00,10:00,10:00,10:00,10:00,19:00,19:00,19:00,19:00,19:00,19:00,19:00,19:00,매일 10:00~19:00 (일반진료) / 매일 20:00~10:00 (응급진료)
온마음동물메디컬센터,9:00,9:00,9:00,9:00,9:00,9:00,10:00,9:00,21:00,21:00,21:00,21:00,21:00,21:00,20:00,21:00,"평일,토,공휴일 09:00~21:00 / 일요일 10:00~20:00"
땅콩동물병원,10:00,10:00,10:00,10:00,10:00,10:00,10:00,10:00,19:00,19:00,19:00,19:00,19:00,19:00,19:00,19:00,매일 10:00~19:00
치료멍멍동물병원 신사본원,10:00,10:00,10:00,10:00,10:00,10:00,10:00,10:00,19:00,19:00,19:00,19:00,19:00,19:00,19:00,19:00,일반진료 매일 10:00~19:00
길음동물병원,9:00,9:00,9:00,9:00,9:00,9:00,,,20:00,20:00,20:00,20:00,20:00,17:00,,,평일 09:00~20:00 / 토 09:00~17:00
함께하는동물병원,,,,,,,,,,,,,,,,,
흑석동물병원,9:30,9:30,9:30,9:30,9:30,9:30,9:30,9:30,21:00,21:00,21:00,21:00,21:00,21:00,21:00,21:00,매일 09:30~21:00
프란다스동물병원 가좌점,9:30,9:30,9:30,9:30,9:30,,,,20:00,20:00,20:00,20:00,20:00,,,,평일 09:30~20:00
성신동물병원,10:00,10:00,10:00,10:00,10:00,10:00,14:00,10:00,20:00,20:00,20:00,20:00,20:00,20:00,18:00,20:00,매일 10:00~20:00 / 일요일 14:00~18:00
세인트동물병원,10:00,10:00,10:00,10:00,10:00,10:00,10:00,10:00,20:00,20:00,20:00,20:00,20:00,20:00,18:00,18:00,"평일,토요일 10:00~20:00 / 일,공휴일 10:00~18:00"
현대종합동물병원,0:00,0:00,0:00,0:00,0:00,0:00,0:00,0:00,24:00:00,24:00:00,24:00:00,24:00:00,24:00:00,24:00:00,24:00:00,24:00:00,매일 00:00~24:00
24시샤인동물메디컬센터,0:00,0:00,0:00,0:00,0:00,0:00,0:00,0:00,24:00:00,24:00:00,24:00:00,24:00:00,24:00:00,24:00:00,24:00:00,24:00:00,매일 00:00~24:00
애드펫동물병원,9:00,9:00,9:00,9:00,9:00,9:00,,,19:30,19:30,19:30,19:30,19:30,17:00,,,평일 09:00~19:30/토 09:00~17:00
송파스마일동물병원,9:00,9:00,9:00,9:00,9:00,9:00,9:00,9:00,21:30,21:30,21:30,21:30,21:30,21:30,21:30,21:30,매일 09:00~21:30 (24시간 입원관리)
굿파파 24시 반려동물건강검진센터,0:00,0:00,0:00,0:00,0:00,0:00,0:00,0:00,24:00:00,24:00:00,24:00:00,24:00:00,24:00:00,24:00:00,24:00:00,24:00:00,매일 00:00~24:00
올리브동물병원,10:00,10:00,10:00,10:00,10:00,10:00,10:00,,20:00,20:00,20:00,20:00,20:00,20:00,18:00,,"평일,토요일 10:00~20:00 / 일요일 10:00~18:00"
퍼스트동물병원,10:00,10:00,10:00,10:00,10:00,10:00,,10:00,20:00,20:00,20:00,20:00,20:00,16:00,,16:00,"평일 10:00~20:00 / 토,공휴일 10:00~16:00"
라온동물병원,10:00,10:00,10:00,10:00,10:00,11:00,,,18:30,18:30,18:30,18:30,18:30,17:00,,,평일 10:00~18:30/토 10:00~16:00
뉴월드동물병원,10:00,10:00,10:00,10:00,10:00,10:00,10:00,10:00,20:00,20:00,20:00,20:00,20:00,20:00,20:00,20:00,매일 10:00~20:00
참동물병원,10:00,10:00,10:00,10:00,10:00,10:00,,10:00,20:00,20:00,20:00,20:00,20:00,18:00,,18:00,"평일 10:00~20:00/토,공휴일 10:00~18:00"
푸른동물병원,10:00,10:00,10:00,10:00,10:00,10:00,,10:00,20:00,20:00,20:00,20:00,20:00,18:00,,17:00,평일 10:00~20:00/토 10:00~18:00/공휴일 10:00~17:00
서울종합동물병원방배,10:00,10:00,10:00,10:00,10:00,10:00,,,18:00,18:00,18:00,18:00,18:00,17:00,,,평일 10:00~18:00 / 토요일 10:00~17:00
서울숲동물병원,9:30,9:30,9:30,9:30,9:30,9:30,9:30,9:30,20:00,20:00,20:00,20:00,20:00,18:00,18:00,18:00,"평일 09:30~20:00 / 주말,공휴일 09:30~18:00"
반포자이동물병원,10:00,10:00,10:00,10:00,10:00,10:00,,10:00,19:00,19:00,19:00,19:00,19:00,18:00,,18:00,"평일 10:00~19:00 / 토,공휴일 10:00~18:00"
이수동물병원,10:00,10:00,10:00,10:00,10:00,10:00,,,20:00,20:00,20:00,20:00,20:00,18:00,,,평일 10:00~20:00 / 토요일 10:00~18:00
도담도담동물병원,9:30,9:30,9:30,9:30,9:30,10:00,10:00,10:00,21:00,21:00,21:00,21:00,21:00,18:30,18:30,18:30,"평일 09:30~21:00 / 주말,공휴일 10:00~18:30"
센트럴동물병원,10:00,10:00,10:00,10:00,10:00,10:00,,10:00,20:00,20:00,20:00,20:00,20:00,17:00,,17:00,"평일: 10:00~20:00 / 토,공휴일 10:00~17:00"
하트온동물병원,11:00,11:00,11:00,11:00,11:00,11:00,,11:00,20:00,20:00,20:00,20:00,20:00,17:00,,17:00,"평일 11:00~20:00 / 토,공휴일 11:00~17:00"
강북우리동물의료센터,9:30,9:30,9:30,9:30,9:30,9:30,9:30,9:30,20:00,20:00,20:00,20:00,20:00,20:00,18:00,18:00,"평일,토 09:30~20:00/일,공휴일 09:30~18:00"
웰니스동물병원,10:00,10:00,10:00,10:00,10:00,10:00,,,20:00,20:00,20:00,20:00,20:00,20:00,,,"평일,토요일 10:00~20:00"
김태화종합동물병원,10:00,10:00,10:00,10:00,10:00,10:00,,,19:00,19:00,19:00,19:00,19:00,17:00,,,평일 10:00~19:00 / 토요일 10:00~17:00
24시페토피아동물병원,9:30,9:30,9:30,9:30,9:30,9:30,9:30,9:30,22:00,22:00,22:00,22:00,22:00,22:00,22:00,22:00,매일 09:30~22:00 / 야간(응급) 22:00~09:30
반려동물의료센터 다울,9:30,9:30,9:30,9:30,9:30,9:30,9:30,9:30,22:00,22:00,22:00,22:00,22:00,22:00,22:00,22:00,매일 09:30~22:00
면목동물병원,9:30,9:30,9:30,9:30,9:30,9:30,9:30,10:00,20:00,20:00,20:00,20:00,20:00,20:00,20:00,19:00,매일 09:30~20:00/공휴일 10:00~19:00
한사랑동물병원,9:00,9:00,9:00,9:00,9:00,9:00,10:00,,19:00,19:00,19:00,19:00,19:00,18:00,12:00,,평일 09:00~19:00 / 토 09:00~18:00 / 일 10:00~12:00(예약진료)
아이엠동물병원,9:30,9:30,9:30,9:30,9:30,9:30,9:30,9:30,21:00,21:00,21:00,21:00,21:00,21:00,21:00,21:00,매일 09:30~21:00
용마동물병원,,,,,,,,,,,,,,,,,
봉식동물병원,,,,,,,,,,,,,,,,,
마리동물병원,10:30,10:30,10:30,10:30,10:30,10:30,,11:00,19:30,19:30,19:30,19:30,19:30,18:00,,18:00,평일 10:30~19:30 / 토요일 10:30~18:00 / 공휴일 11:00~18:00
압구정동물병원,10:00,10:00,10:00,10:00,10:00,,12:00,12:00,19:00,19:00,19:00,19:00,19:00,,17:00,17:00,"평일 10:00~19:00/일,공휴일 12:00~17:00"
현림종합동물병원,,,,,,,,,,,,,,,,,
서래동물병원,,,,,,,,,,,,,,,,,
GD동물병원,10:00,10:00,10:00,10:00,10:00,10:00,10:00,10:00,19:30,19:30,19:30,19:30,19:30,19:30,19:30,19:30,매일 10:00~19:30
애플동물병원,10:00,10:00,10:00,10:00,10:00,10:00,10:00,,22:00,22:00,22:00,22:00,22:00,22:00,18:00,,월~토 10:00~22:00/일 10:00~18:00
24시 로운동물의료센터,9:30,9:30,9:30,9:30,9:30,9:30,9:30,9:30,22:00,22:00,22:00,22:00,22:00,22:00,22:00,22:00,매일 09:30~09:00 (24시간 진료) / 매일 22:00~09:00 (야간응급진료)
우장동물병원,9:30,9:30,9:30,9:30,9:30,9:30,,,20:00,20:00,20:00,20:00,20:00,20:00,,,"평일,토요일 09:30~20:00"
스마일동물병원,10:00,10:00,10:00,10:00,10:00,10:00,,10:00,21:00,21:00,21:00,21:00,21:00,19:00,,19:00,"평일 10:00~21:00/토,공휴일 10:00~19:00"
서초힐스동물병원,10:00,10:00,10:00,10:00,10:00,10:00,,,19:00,19:00,19:00,19:00,19:00,17:00,,,평일 10:00~19:00 / 토요일 10:00~17:00
VIP동물의료센터 성북점,10:00,10:00,10:00,10:00,10:00,10:00,10:00,10:00,19:00,19:00,19:00,19:00,19:00,19:00,19:00,19:00,매일 주간진료 10:00~19:00 / 야간진료 19:00~22:00 / 응급진료 22:00~09:00 (일요일 제외)
이윤세동물병원,10:00,10:00,10:00,10:00,10:00,10:00,10:00,,21:00,21:00,21:00,21:00,21:00,21:00,18:00,,"평일,토요일 10:00~21:00 / 일요일 10:00~18:00"
나무동물병원,10:00,10:00,10:00,10:00,10:00,10:00,,10:00,19:00,19:00,19:00,19:00,19:00,16:00,,16:00,"평일 10:00~19:00 / 토,공휴일 10:00~16:00(예약진료)"
엘'S동물병원,,,,,,,,,,,,,,,,,
신길 온동물병원,10:00,10:00,10:00,10:00,10:00,10:00,10:00,10:00,21:00,21:00,21:00,21:00,21:00,19:00,19:00,19:00,"평일 10:00~21:00/주말,공휴일 10:00~19:00"
고척 원 동물의료센터,10:00,10:00,10:00,10:00,10:00,10:00,10:00,,20:00,20:00,20:00,20:00,20:00,20:00,17:00,,"평일,토요일 10:00~20:00 / 일요일 10:00~17:00"
펫가든동물병원,,,,,,,,,,,,,,,,,
디아크동물병원,,,,,,,,,,,,,,,,,
중앙동물메디컬센터,10:00,10:00,10:00,10:00,10:00,10:00,10:30,10:30,21:30,21:30,21:30,21:30,21:30,21:30,21:30,21:30,"일반진료 평일,토 10:00~21:30/일,공휴일 10:30~21:30 /응급진료 09:30~10:30"
삼성동물병원,10:00,10:00,10:00,10:00,10:00,10:00,15:00,10:00,19:00,19:00,19:00,19:00,19:00,18:00,17:00,18:00,"평일 10:00~19:00/토,공휴일 10:00~18:00/일 15:00~17:00"
펫동물병원,10:00,10:00,10:00,10:00,10:00,10:00,,,19:00,19:00,19:00,19:00,19:00,18:00,,,평일 10:00~19:00/토 10:00~18:00
신정동물병원,10:00,10:00,10:00,10:00,10:00,10:00,,,20:00,20:00,20:00,20:00,20:00,19:00,,,평일 10:00~20:00 / 토요일 10:00~19:00
24시 신도림S동물의료센터,10:00,10:00,10:00,10:00,10:00,10:00,10:00,10:00,22:00,22:00,22:00,22:00,22:00,22:00,22:00,22:00,매일 10:00~22:00 (일반진료) / 매일 22:00~10:00 (야간진료)
동물병원알루,9:30,9:30,9:30,9:30,9:30,9:30,9:30,9:30,21:30,21:30,21:30,21:30,21:30,21:30,19:00,21:30,매일 09:30~21:30 / 일요일 09:30~19:00
다나은동물병원,10:00,10:00,10:00,10:00,10:00,10:00,10:00,10:00,20:00,20:00,20:00,20:00,20:00,19:00,17:00,19:00,"평일 10:00~20:00 / 토요일,공휴일 10:00~19:00 / 일요일 10:00~17:00 (예약진료)"
봉천현대동물병원,10:00,10:00,10:00,10:00,10:00,10:00,,,21:00,21:00,21:00,21:00,21:00,18:00,,,평일 10:00~21:00/토 10:00~18:00
M동물의료센터,10:00,10:00,10:00,10:00,10:00,10:00,10:00,,20:30,20:30,20:30,20:30,20:30,18:00,18:00,,평일 10:00~20:30 / 주말 10:00~18:00
한남동물병원,,,,,,,,,,,,,,,,,
푸른종합동물병원,,,,,,,,,,,,,,,,,
호담동물병원,10:00,10:00,10:00,10:00,10:00,10:00,,10:00,20:00,20:00,20:00,20:00,20:00,19:00,,19:00,"평일 10:00~20:00 / 토,공휴일 10:00~19:00"
굿모닝 동물병원,10:00,10:00,10:00,10:00,10:00,10:00,,,19:00,19:00,19:00,19:00,19:00,15:00,,,평일 10:00~19:00/토 10:00~15:00
더편한동물병원,10:00,10:00,10:00,10:00,10:00,10:00,,,21:00,21:00,21:00,21:00,21:00,19:00,,,평일 10:00~21:00 / 토요일 10:00~19:00
신세계동물병원,9:30,9:30,9:30,9:30,9:30,9:30,,9:30,20:00,20:00,20:00,20:00,20:00,17:00,,17:00,"평일 09:30~20:00 / 토,공휴일 09:30~17:00 (예약진료)"
강아지군대가는날,,,,,,,,,,,,,,,,,
효창동물병원,10:00,10:00,10:00,10:00,10:00,10:00,,,19:00,19:00,19:00,19:00,19:00,19:00,,,"평일,토 10:00~19:00"
서울동물병원,10:00,10:00,10:00,10:00,10:00,10:00,10:00,,20:30,20:30,20:30,20:30,20:30,20:30,16:00,,월~토 10:00~20:30 / 일요일 10:00~16:00
유케어종합동물병원,10:00,10:00,10:00,10:00,10:00,10:00,10:00,10:00,20:00,20:00,20:00,20:00,20:00,20:00,20:00,20:00,매일 10:00~20:00
수동물병원,10:00,10:00,10:00,10:00,10:00,,,,20:00,20:00,20:00,20:00,20:00,,,,평일 10:00~20:00
로엘동물병원,9:30,9:30,9:30,9:30,9:30,,11:30,,21:00,21:00,21:00,21:00,21:00,,20:00,,평일 09:30~21:00/일 11:30~20:00
이리온 양재점,10:00,10:00,10:00,10:00,10:00,10:00,10:00,10:00,21:00,21:00,21:00,21:00,21:00,21:00,21:00,21:00,매일 10:00~21:00
대학로동물병원,10:00,10:00,10:00,10:00,10:00,10:00,,,20:00,20:00,20:00,20:00,20:00,19:00,,,평일 10:00~20:00/토 10:00~19:00
봄빛동물병원,,,,,,,,,,,,,,,,,
쿨독 동물병원,9:30,9:30,9:30,9:30,9:30,9:30,,,19:30,19:30,19:30,19:30,19:30,18:30,,,평일 09:30~19:30/토 09:30~18:30
석동물병원,9:30,9:30,9:30,9:30,9:30,9:30,,9:30,20:00,20:00,20:00,20:00,20:00,18:00,,18:00,"평일 09:30~20:00/ 토,공휴일 09:30~18:00"
커비동물병원,10:30,10:30,10:30,10:30,10:30,,,,18:30,18:30,18:30,18:30,18:30,,,,평일 10:30~18:30
금란종합동물병원,10:00,10:00,10:00,10:00,10:00,,,,20:00,20:00,20:00,20:00,20:00,,,,평일 10:00~20:00
스킨앤이어동물병원,9:30,9:30,9:30,9:30,9:30,9:00,,,18:30,18:30,18:30,18:30,18:30,15:00,,,평일 09:30~18:30 / 토요일 09:00~15:00
한양종합동물병원,9:00,9:00,9:00,9:00,9:00,9:00,9:00,9:00,21:30,21:30,21:30,21:30,21:30,21:30,21:30,21:30,매일 09:00~21:30
오주동물병원,,,,,,,,,,,,,,,,,
마루동물병원,10:00,10:00,10:00,10:00,10:00,10:00,,,19:00,19:00,19:00,19:00,19:00,17:00,,,"평일 10:00~19:00/토 10:00~17:00/일,공휴일은 예약진료만 가능"
갤러리아동물병원,,,,,,,,,,,,,,,,,
고덕24시동물병원,10:00,10:00,10:00,10:00,10:00,10:00,10:00,10:00,22:00,22:00,22:00,22:00,22:00,22:00,22:00,22:00,매일 주간진료 10:00~22:00 / 매일 야간진료 22:00~10:00
이든동물의료센터,9:00,9:00,9:00,9:00,9:00,9:00,9:00,9:00,22:00,22:00,22:00,22:00,22:00,22:00,22:00,22:00,일반진료 09:00~22:00
삼성동물병원,9:00,9:00,9:00,9:00,9:00,9:00,9:30,9:00,20:00,20:00,20:00,20:00,20:00,20:00,19:30,20:00,매일 09:00~20:00 / 일 09:30~19:30
행복한동물병원,9:30,9:30,9:30,9:30,9:30,9:30,,,19:00,19:00,19:00,19:00,19:00,18:00,,,평일 09:30~19:00 / 토요일 09:30~18:00
애니케어동물병원,10:00,10:00,10:00,10:00,10:00,10:00,10:00,10:00,19:00,19:00,19:00,19:00,19:00,18:00,18:00,18:00,"평일 10:00~19:00/주말,공휴일 10:00~18:00"
우신동물병원,,,,,,,,,,,,,,,,,
가온동물병원,10:00,10:00,10:00,10:00,10:00,10:00,10:00,10:00,21:00,21:00,21:00,21:00,21:00,21:00,21:00,21:00,매일 10:00~21:00
예일동물병원,10:00,10:00,10:00,10:00,10:00,10:00,,,21:00,21:00,21:00,21:00,21:00,20:00,,,평일 10:00~21:00 / 토요일 10:00~20:00
신영동물병원,9:30,9:30,9:30,9:30,9:30,9:30,9:30,9:30,20:30,20:30,20:30,20:30,20:30,20:30,20:30,20:30,매일 09:30~20:30
에이드 동물병원,10:00,10:00,10:00,10:00,10:00,10:00,10:00,10:00,22:00,22:00,22:00,22:00,22:00,22:00,22:00,22:00,일반진료 매일 10:00~22:00/응급진료 매일 22:00~10:00
라파엘동물병원,9:30,9:30,9:30,9:30,9:30,9:30,9:30,9:30,19:00,19:00,19:00,19:00,19:00,19:00,19:00,19:00,매일 09:30~19:00
청담동물병원,,,,,,,,,,,,,,,,,
페트로동물의료원,10:00,10:00,10:00,10:00,10:00,10:00,10:00,,20:30,20:30,20:30,20:30,20:30,19:00,19:00,,평일 10:00~20:30 / 주말 10:00~19:00
세명동물병원,9:00,9:00,9:00,9:00,9:00,9:00,,,20:00,20:00,20:00,20:00,20:00,18:30,,,평일 09:00~21:00 (접수마감 20:00)/토 09:00~19:00 (접수마감 18:30)
이을반려동물케어센터,10:00,10:00,10:00,,10:00,10:00,,,19:00,21:00,19:00,,21:00,19:00,,,"월,수,토요일 10:00~19:00 / 화,금요일 10:00~21:00(야간진료)"
로얄동물메디컬센터 강동,0:00,0:00,0:00,0:00,0:00,0:00,0:00,0:00,24:00:00,24:00:00,24:00:00,24:00:00,24:00:00,24:00:00,24:00:00,24:00:00,매일 00:00~24:00
서울허브동물병원,10:00,10:00,10:00,10:00,10:00,10:00,,,20:00,20:00,20:00,20:00,20:00,12:00,,,평일 10:00~20:00 / 토요일 10:00~12:00 (100% 예약제)
안정택동물병원,10:00,10:00,10:00,10:00,10:00,10:00,,,19:30,19:30,19:30,19:30,19:30,18:30,,,평일 10:00~20:00(진료마감 19:30)/토 10:00~19:00 (진료마감 18:30)
아프리카동물병원,9:30,9:30,9:30,9:30,9:30,10:00,,10:00,20:00,20:00,20:00,20:00,20:00,19:00,,19:00,"평일 09:30~20:00/토,공휴일 10:00~19:00"
도담동물병원,10:00,10:00,10:00,10:00,10:00,10:00,,11:00,19:00,19:00,19:00,19:00,19:00,18:00,,18:00,평일 10:00~19:00/토 10:00~18:00/공휴일 11:00~18:00
프라임동물병원,10:00,10:00,10:00,10:00,10:00,10:00,,,19:00,19:00,19:00,19:00,19:00,17:00,,,평일 10:00~19:00/ 토 10:00~17:00
좋아서하는동물병원,10:00,10:00,10:00,10:00,10:00,,,,19:00,19:00,19:00,19:00,19:00,,,,평일 10:00~19:00
금강동물병원,9:30,9:30,9:30,9:30,9:30,9:30,9:30,9:30,21:00,21:00,21:00,21:00,21:00,21:00,21:00,21:00,매일 09:30~21:00
쿨펫동물병원,10:00,10:00,10:00,10:00,10:00,10:00,10:00,10:00,22:00,22:00,22:00,22:00,22:00,22:00,22:00,22:00,매일 10:00~22:00
닥터베토벤동물병원,9:30,9:30,9:30,9:30,9:30,9:30,,9:30,20:00,20:00,20:00,20:00,20:00,,19:30,20:00,"평일,공휴일 09:30~20:00 / 토요일 09:30~19:30"
두암한방동물병원,10:00,10:00,10:00,10:00,10:00,10:00,10:00,10:00,19:00,19:00,19:00,19:00,19:00,19:00,19:00,19:00,매일 10:00~19:00
한빛동물병원,10:00,10:00,10:00,10:00,10:00,10:00,,,19:00,19:00,19:00,19:00,19:00,18:00,,,평일 10:00~19:00 / 토 10:00~18:00
대현동물병원,9:30,9:30,9:30,9:30,9:30,9:30,11:00,9:30,19:00,19:00,19:00,19:00,19:00,18:00,18:00,18:00,"평일 09:30~19:00 / 토,공휴일 09:30~18:00 / 일요일 11:00~18:00"
에코동물병원,9:00,9:00,9:00,9:00,9:00,9:00,9:00,,21:00,21:00,21:00,21:00,21:00,18:00,18:00,,평일 09:00~21:00 / 주말 09:00~18:00
24시OK동물병원,9:00,9:00,9:00,9:00,9:00,9:00,9:00,9:00,21:00,21:00,21:00,21:00,21:00,21:00,21:00,21:00,일반진료 매일 09:00~21:00 / 매일 21:00~09:00 입원환자만 관리(응급진료~VIP동물의료센터 청담점 연계진료)
꿈의숲동물병원,10:00,10:00,10:00,10:00,10:00,10:00,,10:00,19:30,19:30,19:30,19:30,19:30,15:00,,15:00,"평일 10:00~19:30 / 토,공휴일 10:00~15:00"
한마음동물병원,,,,,,,,,,,,,,,,,
해성동물병원,9:30,9:30,9:30,9:30,9:30,9:30,,,19:00,19:00,19:00,19:00,19:00,17:00,,,평일 09:30~19:00 / 토요일 09:30~17:00
동물치과병원 메이,9:30,9:30,9:30,9:30,9:30,,,11:00,19:00,19:00,19:00,19:00,19:00,,,18:00,평일 09:30~19:00/공휴일 11:00~18:00
이층애고양이동물병원,,,,,,,,,,,,,,,,,
웰펫동물병원,,,,,,,,,,,,,,,,,
포유동물병원,10:00,10:00,10:00,10:00,10:00,10:00,,,19:00,19:00,19:00,19:00,19:00,16:00,,,평일 10:00~19:00 / 토요일 10:00~16:00
꿈이크는동물병원,10:00,10:00,10:00,10:00,10:00,10:00,10:00,10:00,20:00,20:00,20:00,20:00,20:00,19:00,20:00,20:00,매일 10:00~20:00 / 토요일 10:00~19:00
논현동물병원,0:00,0:00,0:00,0:00,0:00,0:00,0:00,0:00,24:00:00,24:00:00,24:00:00,24:00:00,24:00:00,24:00:00,24:00:00,24:00:00,매일 00:00~24:00
방학동물병원,9:30,9:30,9:30,9:30,9:30,9:30,9:30,,21:00,21:00,21:00,21:00,21:00,19:00,19:00,,평일 09:30~21:00/주말 09:30~19:00
건국대학교 부속동물병원,9:00,9:00,9:00,9:00,9:00,,9:00,,17:30,17:30,17:30,17:30,17:30,,18:00,,"평일 09:00~17:30/응급의학과 월,수,목,금 14:00~22:00/일 09:00~18:00"
24시 더힐동물의료센터,9:00,9:00,9:00,9:00,9:00,9:00,9:00,9:00,21:00,21:00,21:00,21:00,21:00,21:00,21:00,21:00,매일 09:00~21:00(일반진료)/21:00~09:00(야간응급진료)
엉클장동물병원,10:00,10:00,10:00,10:00,10:00,10:00,,,19:00,19:00,19:00,19:00,19:00,15:00,,,평일 10:00~19:00/토 10:00~15:00
로이동물병원,10:00,10:00,10:00,10:00,10:00,,10:00,10:00,20:00,20:00,20:00,20:00,20:00,,18:00,18:00,"평일 10:00~20:00 / 일,공휴일 10:00~18:00"
빛가온동물병원,,,,,,,,,,,,,,,,,
태일동물병원,9:00,9:00,9:00,9:00,9:00,9:00,,9:00,18:00,18:00,18:00,18:00,18:00,18:00,,18:00,"평일,토,공휴일 09:00~18:00"
래이동물의료센터,0:00,0:00,0:00,0:00,0:00,0:00,0:00,0:00,24:00:00,24:00:00,24:00:00,24:00:00,24:00:00,24:00:00,24:00:00,24:00:00,매일 00:00~24:00
강북동물병원,10:00,10:00,10:00,10:00,10:00,10:00,10:00,10:00,20:00,20:00,20:00,20:00,20:00,20:00,20:00,20:00,매일 10:00~20:00
이상윤동물병원,10:00,10:00,10:00,10:00,10:00,10:00,10:00,10:00,19:00,19:00,19:00,19:00,19:00,19:00,19:00,19:00,매일 10:00~19:00
닥터표동물병원,10:00,10:00,10:00,10:00,10:00,10:00,,10:00,20:00,20:00,20:00,20:00,20:00,20:00,,18:00,"평일,토요일 10:00~20:00 /공휴일 10:00~18:00"
이태원동물병원,9:00,9:00,9:00,9:00,9:00,9:00,9:00,9:00,18:00,18:00,18:00,18:00,18:00,18:00,18:00,18:00,매일 09:00~18:00
홍상희동물병원,,,,,,,,,,,,,,,,,
메종동물병원,10:00,10:00,10:00,10:00,10:00,10:00,10:00,10:00,21:00,21:00,21:00,21:00,21:00,21:00,21:00,21:00,매일 10:00~21:00
유앤동물의료원,10:00,10:00,10:00,10:00,10:00,10:00,10:00,10:00,19:00,19:00,19:00,19:00,19:00,19:00,19:00,19:00,매일 10:00~19:00
토론토동물병원,,,,,,,,,,,,,,,,,
동물은내친구,9:00,9:00,9:00,9:00,9:00,,11:00,10:00,20:00,20:00,20:00,20:00,20:00,,17:00,18:00,평일 09:00~20:00 / 일요일 11:00~17:00 / 공휴일 10:00~18:00
어울림동물병원,10:00,10:00,10:00,10:00,10:00,10:00,,,19:00,19:00,19:00,19:00,19:00,17:00,,,평일 10:00~19:00 / 토요일 10:00~17:00
경인동물의료센터,9:00,9:00,9:00,9:00,9:00,9:00,9:00,9:00,21:00,21:00,21:00,21:00,21:00,21:00,21:00,21:00,매일 09:00~21:00 주간/야간 21:00~09:00
신월라온동물의료센터,10:00,10:00,10:00,10:00,10:00,10:00,10:00,,21:00,21:00,21:00,21:00,21:00,21:00,18:00,,"평일,토요일 10:00~21:00 / 일요일 10:00~18:00"
동물병원 위드,9:30,9:30,9:30,9:30,9:30,,,10:00,20:00,20:00,20:00,20:00,20:00,,,18:00,평일 09:30~20:00/공휴일 10:00~18:00
은행나무 종합동물병원,,,,,,,,,,,,,,,,,
나래동물병원,10:00,10:00,10:00,10:00,10:00,9:00,,,18:00,18:00,18:00,18:00,18:00,11:30,,,평일 10:00~18:00 / 토요일 09:00~11:30
다온동물병원,10:00,10:00,10:00,10:00,10:00,10:00,,,20:00,20:00,20:00,20:00,20:00,18:00,,,평일 10:00~20:00 / 토요일 10:00~18:00
시온동물병원,10:00,10:00,10:00,10:00,10:00,10:00,,,19:00,19:00,19:00,19:00,19:00,19:00,,,평일 10:00~19:00 / 토 10:00~19:00
민트동물병원,10:00,10:00,10:00,10:00,10:00,10:00,,,20:00,20:00,20:00,20:00,20:00,20:00,,,평일 10:00~20:00/토 10:00~20:00
문정힐스 동물병원,10:00,10:00,10:00,10:00,10:00,10:00,10:00,,20:00,20:00,20:00,20:00,20:00,19:00,19:00,,평일 10:00~20:00/주말 10:00~19:00
우리동물병원,10:00,10:00,10:00,10:00,10:00,10:00,,,19:30,19:30,19:30,19:30,19:30,15:30,,,평일 10:00~19:30 / 토요일 10:00~15:30
열린동물병원,9:30,9:30,9:30,9:30,9:30,9:30,,,21:00,21:00,21:00,21:00,21:00,21:00,,,"평일,토 09:30~21:00"
아차산동물병원,10:00,10:00,10:00,10:00,10:00,10:00,10:00,10:00,20:30,20:30,20:30,20:30,20:30,19:00,19:00,19:00,"매일 10:00~20:30 / 주말,공휴일 10:00~19:00"
츄츄 동물병원,9:30,9:30,9:30,9:30,9:30,9:30,9:30,9:30,20:00,20:00,20:00,20:00,20:00,20:00,20:00,20:00,매일 09:30~20:00
용강동물병원,9:00,9:00,9:00,9:00,9:00,9:00,10:00,10:00,20:00,20:00,20:00,20:00,20:00,20:00,19:00,19:00,"평일,토요일 09:00~20:00 / 일,공휴일 10:00~19:00"
강서동물종합병원,10:00,10:00,10:00,10:00,10:00,10:00,,,18:00,18:00,18:00,18:00,18:00,17:00,,,평일 10:00~18:00 / 토요일 10:00~17:00
정말로동물병원,9:00,9:00,9:00,9:00,9:00,9:00,9:00,9:00,21:00,21:00,21:00,21:00,21:00,21:00,21:00,21:00,매일 09:00~21:00
망원 동물병원,10:00,10:00,10:00,10:00,10:00,10:00,,,19:00,19:00,19:00,19:00,19:00,15:00,,,평일 10:00~19:00 / 토요일 10:00~15:00
연희동물병원,10:00,10:00,10:00,10:00,10:00,,,,19:00,19:00,19:00,19:00,19:00,,,,평일 10:00~19:00
미래지동물의료센터,9:00,9:00,9:00,9:00,9:00,9:00,10:00,,22:00,22:00,22:00,22:00,22:00,22:00,19:00,,월~토 09:00~22:00/일 10:00~19:00
태능동물병원,9:40,9:40,9:40,9:40,9:40,9:40,,,18:30,18:30,18:30,18:30,18:30,16:00,,,평일 09:40~18:30/토 09:40~16:00
24시 치유동물의료센터,0:00,0:00,0:00,0:00,0:00,0:00,0:00,0:00,24:00:00,24:00:00,24:00:00,24:00:00,24:00:00,24:00:00,24:00:00,24:00:00,매일 00:00~24:00
중곡동물병원,10:00,10:00,10:00,10:00,10:00,10:00,,,19:30,19:30,19:30,14:00,19:30,18:00,,,"월,화,수,금 10:00~19:30 / 목요일 10:00~14:00 / 토요일 10:00~18:00"
라온동물병원,10:00,10:00,10:00,10:00,10:00,10:00,10:00,10:00,20:00,20:00,20:00,20:00,20:00,19:00,19:00,19:00,"평일 10:00~20:00 / 주말,공휴일 10:00~19:00"
행복한동물병원,10:00,10:00,10:00,10:00,10:00,10:00,13:00,13:00,21:00,21:00,21:00,21:00,21:00,21:00,19:00,19:00,"평일,토 10:00~21:00/일,공휴일 13:00~19:00"
아프지말게동물병원,10:00,10:00,10:00,10:00,10:00,10:00,,,20:00,20:00,20:00,20:00,20:00,19:00,,,평일 10:00~20:00 / 토요일 10:00~19:00
송파원 동물병원,10:00,10:00,10:00,10:00,10:00,10:00,10:00,10:00,20:00,20:00,20:00,20:00,20:00,20:00,20:00,20:00,매일 10:00~20:00
365동물병원,9:30,9:30,9:30,9:30,9:30,9:30,9:30,9:30,20:00,20:00,20:00,20:00,20:00,19:00,17:00,17:00,"평일 09:30~20:00 / 토요일 09:30~19:00 / 일요일,공휴일 09:30~17:00"
경희궁 바른 동물병원,10:00,10:00,10:00,10:00,10:00,10:00,,,19:30,19:30,19:30,19:30,19:30,18:00,,,평일 10:00~19:30/토 10:00~18:00
24시 수 동물병원,10:00,10:00,10:00,10:00,10:00,10:00,10:00,10:00,22:00,22:00,22:00,22:00,22:00,22:00,22:00,22:00,일반진료 10:00~22:00/응급진료 22:00~10:00
베이동물병원,10:00,10:00,10:00,10:00,10:00,10:00,10:00,10:00,20:00,20:00,20:00,20:00,20:00,20:00,20:00,20:00,매일 10:00~20:00
화신종합동물병원,9:00,9:00,9:00,9:00,9:00,9:00,10:30,,20:00,20:00,20:00,20:00,20:00,20:00,17:30,,"평일,토 09:00~20:00/일 10:30~17:30"
예은동물병원,9:30,9:30,9:30,9:30,9:30,9:30,9:30,9:30,20:00,20:00,20:00,20:00,20:00,20:00,18:00,20:00,"평일 09:30~20:00/토,공휴일 09:30~20:00/일 09:30~18:00"
봄봄동물병원,10:00,10:00,10:00,10:00,10:00,10:00,,10:00,20:00,20:00,20:00,20:00,20:00,18:00,,18:00,"평일 10:00~20:00/토,공휴일 10:00~18:00"
콩닥동물병원,10:00,10:00,10:00,10:00,10:00,10:00,10:00,10:00,21:30,21:30,21:30,21:30,21:30,21:30,19:30,21:30,매일 10:00~21:30 / 일요일 10:00~19:30
수 동물병원,,,,,,,,,,,,,,,,,
해태동물병원,10:00,10:00,10:00,10:00,10:00,10:00,10:00,10:00,20:00,20:00,20:00,20:00,20:00,20:00,20:00,20:00,매일 10:00~20:00
뉴욕동물병원,10:00,10:00,10:00,10:00,10:00,10:00,,,20:00,20:00,20:00,20:00,20:00,19:00,,,평일 10:00~20:00 / 토요일 10:00~19:00
앙리 동물병원,10:00,10:00,10:00,10:00,10:00,10:00,,,19:30,19:30,19:30,19:30,19:30,18:00,,,평일 10:00~19:30 / 토요일 10:00~18:00
마리스동물의료센터,9:00,9:00,9:00,9:00,9:00,9:00,9:00,9:00,21:00,21:00,21:00,21:00,21:00,21:00,18:00,18:00,"평일,토요일 09:00~21:00 / 일,공휴일 09:00~18:00"
박철환동물병원,9:30,9:30,9:30,9:30,9:30,9:30,9:30,9:30,19:00,19:00,19:00,19:00,19:00,19:00,19:00,19:00,매일 09:30~19:00
오늘동물병원,9:00,9:00,9:00,9:00,9:00,9:00,,,19:00,19:00,19:00,19:00,19:00,19:00,,,월~토 09:00~19:00
VIP동물의료센터 노원점,10:00,10:00,10:00,10:00,10:00,10:00,10:00,10:00,19:00,19:00,19:00,19:00,19:00,19:00,19:00,19:00,주간진료 매일 10:00~19:00/ 야간진료 19:00~09:00(일요일 제외)
수서동물병원,10:00,10:00,10:00,10:00,10:00,10:00,,,20:00,20:00,20:00,20:00,20:00,20:00,,,"평일,토요일 10:00~20:00"
쓰담쓰담동물병원,10:30,10:30,10:30,10:30,10:30,10:30,,,19:00,19:00,19:00,19:00,19:00,17:00,,,평일 10:30~19:00 / 토요일 10:30~17:00
오류동물병원,10:00,10:00,10:00,10:00,10:00,10:00,,,19:00,19:00,19:00,19:00,19:00,18:00,,,평일 10:00~19:00 / 토요일 10:00~18:00
킴리동물병원,10:00,10:00,10:00,10:00,10:00,10:00,10:00,10:00,19:00,19:00,19:00,19:00,19:00,19:00,19:00,19:00,매일 10:00~19:00
동물의왕국동물병원,10:00,10:00,10:00,10:00,10:00,10:00,10:00,10:00,22:00,22:00,22:00,22:00,22:00,22:00,22:00,22:00,매일 10:00~22:00
24시 우리들동물메디컬센터,0:00,0:00,0:00,0:00,0:00,0:00,0:00,0:00,24:00:00,24:00:00,24:00:00,24:00:00,24:00:00,24:00:00,24:00:00,24:00:00,매일 00:00~24:00
미래동물병원,9:30,9:30,9:30,9:30,9:30,10:00,,10:00,19:00,19:00,19:00,19:00,19:00,18:00,,18:00,"평일 09:30~19:00/토,공휴일 10:00~18:00"
강남동물병원,,,,,,,,,,,,,,,,,
골드퍼피동물병원 공릉점,11:00,11:00,11:00,11:00,11:00,11:00,11:00,11:00,22:00,22:00,22:00,22:00,22:00,22:00,22:00,22:00,매일 11:00~22:00
아이윌24시동물병원,0:00,0:00,0:00,0:00,0:00,0:00,0:00,0:00,24:00:00,24:00:00,24:00:00,24:00:00,24:00:00,24:00:00,24:00:00,24:00:00,매일 00:00~24:00
오즈동물병원,10:00,10:00,10:00,10:00,10:00,10:00,10:00,13:00,18:30,18:30,18:30,18:30,18:30,17:00,17:00,17:00,평일 10:00~18:30 / 주말 10:00~17:00 / 공휴일 13:00~17:00
클로버동물병원,10:00,10:00,10:00,10:00,10:00,10:00,,,19:30,19:30,19:30,19:30,19:30,18:00,,,평일 10:00~19:30 / 토요일 10:00~18:00
가든펫동물병원,10:00,10:00,10:00,10:00,10:00,,,,16:00,16:00,16:00,16:00,16:00,,,,평일 10:00~16:00
한빛동물병원,9:30,9:30,9:30,9:30,9:30,9:30,,9:30,19:30,19:30,19:30,19:30,19:30,17:30,,17:30,"평일 09:30~19:30/토,공휴일 09:30~17:30"
신풍동물병원,0:00,0:00,0:00,0:00,0:00,0:00,0:00,0:00,24:00:00,24:00:00,24:00:00,24:00:00,24:00:00,24:00:00,24:00:00,24:00:00,매일 00:00~24:00
산책동물병원,10:00,10:00,10:00,10:00,10:00,10:00,,,19:00,19:00,19:00,19:00,19:00,16:00,,,평일 10:00~19:00 / 토요일 10:00~16:00
한양동물메디컬센터,9:00,9:00,9:00,9:00,9:00,9:00,9:00,9:00,22:00,22:00,22:00,22:00,22:00,22:00,22:00,22:00,매일 09:00~22:00
우신종합동물병원,10:00,10:00,10:00,10:00,10:00,10:00,10:00,10:00,21:00,21:00,21:00,21:00,21:00,21:00,21:00,21:00,일반진료 10:00~21:00/ 응급진료 22:00~10:00
아크리스동물의료센터,10:00,10:00,10:00,10:00,10:00,10:00,10:00,10:00,19:00,19:00,19:00,19:00,19:00,19:00,19:00,19:00,매일 10:00~19:00
이황동물병원,10:00,10:00,10:00,10:00,10:00,10:00,,,19:00,19:00,19:00,19:00,19:00,18:00,,,평일 10:00~19:00 / 토요일 10:00~18:00
아이러브펫동물병원 신도림점,11:00,11:00,11:00,11:00,11:00,11:00,11:00,11:00,21:00,21:00,21:00,21:00,21:00,21:00,21:00,21:00,매일 11:00~21:00
우리덕구동물병원,10:00,10:00,10:00,10:00,10:00,10:00,,,18:30,18:30,18:30,18:30,18:30,16:30,,,평일 10:00~19:00(진료마감 18:30)/토 10:00~17:00(진료마감 16:30)
한국동물영상의학센터,11:00,11:00,11:00,11:00,11:00,11:00,11:00,11:00,21:00,21:00,21:00,21:00,21:00,21:00,21:00,21:00,매일 11:00~21:00
사랑동물병원,10:00,10:00,10:00,10:00,10:00,10:00,10:00,10:00,19:00,19:00,19:00,19:00,19:00,19:00,19:00,19:00,매일 10:00~19:00
바른동물병원,10:00,10:00,10:00,10:00,10:00,10:00,,,18:30,18:30,18:30,18:30,18:30,18:00,,,평일 10:00~18:30 / 토요일 10:00~18:00
대한동물병원,10:00,10:00,10:00,10:00,10:00,9:00,,,19:00,19:00,19:00,19:00,19:00,18:00,,,평일 10:00~19:00/토 09:00~18:00
하니동물의료센터,9:30,9:30,9:30,9:30,9:30,9:30,9:30,9:30,22:00,22:00,22:00,22:00,22:00,22:00,22:00,22:00,매일 09:30~22:00
현대종합동물병원,9:00,9:00,9:00,9:00,9:00,9:00,10:00,10:00,21:00,21:00,21:00,21:00,21:00,21:00,20:00,20:00,"평일,토 09:00~21:00/일,공휴일 10:00~20:00"
동물메디컬센터W,10:00,10:00,10:00,10:00,10:00,10:00,10:00,10:00,19:00,19:00,19:00,19:00,19:00,19:00,19:00,19:00,주간진료 10:00~19:00 / 야간진료 19:00~23:00 / 심야진료 23:00~06:00 / 야간진료 06:00~10:00
나래동물병원,10:00,10:00,10:00,10:00,10:00,10:00,,,21:00,21:00,21:00,21:00,21:00,20:00,,,평일 10:00~21:00(접수는 20:00까지)/토 10:00~20:00(접수는 19:00까지)
보람동물병원,9:30,9:30,9:30,9:30,9:30,9:30,,,21:00,21:00,21:00,21:00,21:00,21:00,,,월~토 09:30~21:00
동서울동물병원,,,,,,,,,,,,,,,,,
러브펫동물병원,9:00,9:00,9:00,9:00,9:00,9:00,9:00,9:00,21:00,21:00,21:00,21:00,21:00,21:00,21:00,21:00,매일 09:00~21:00
원동물병원,10:00,10:00,10:00,10:00,10:00,10:00,,10:00,19:00,19:00,19:00,19:00,19:00,15:00,,15:00,"평일 10:00~19:00 / 토요일,공휴일 10:00~15:00"
세인트필립동물병원,10:00,10:00,10:00,10:00,10:00,10:00,,10:00,19:00,19:00,19:00,19:00,19:00,18:00,,18:00,"평일 10:00~19:00/토,공휴일 10:00~18:00"
응암동물병원,9:00,9:00,9:00,9:00,9:00,9:00,,9:00,20:00,20:00,20:00,20:00,20:00,16:00,,16:00,"평일 09:00~20:00 / 토,공휴일 09:00~16:00 "
신사동물병원,9:00,9:00,9:00,9:00,9:00,9:00,9:00,9:00,22:00,22:00,22:00,22:00,22:00,22:00,22:00,22:00,매일 09:00~22:00
파파동물병원,10:00,10:00,10:00,10:00,10:00,10:00,,,19:00,19:00,19:00,19:00,19:00,14:00,,,평일 10:00~19:00 / 토요일 10:00~14:00
송이종합동물병원,9:00,9:00,9:00,9:00,9:00,9:00,9:00,9:00,20:00,20:00,20:00,20:00,20:00,20:00,20:00,20:00,매일 09:00~20:00
위드펫 종합동물병원,9:30,9:30,9:30,9:30,9:30,9:30,9:30,9:30,19:00,19:00,19:00,19:00,19:00,18:00,18:00,18:00,"평일 09:30~19:00 / 주말,공휴일 09:30~18:00"
우면동물병원,,,,,,,,,,,,,,,,,
24시 우리동물메디컬센터,0:00,0:00,0:00,0:00,0:00,0:00,0:00,0:00,24:00:00,24:00:00,24:00:00,24:00:00,24:00:00,24:00:00,24:00:00,24:00:00,매일 00:00~24:00
대치동물메디컬센터,8:00,8:00,8:00,8:00,8:00,8:00,8:00,8:00,22:00,22:00,22:00,22:00,22:00,22:00,22:00,22:00,"매일 00:00~24:00 / 일반진료 08:00~22:00 / 야간,응급 22:00~07:00"
위례S동물의료센터,10:00,10:00,10:00,10:00,10:00,10:00,,,19:30,19:30,19:30,19:30,19:30,19:30,,,"평일,토 10:00~19:30"
펫트리동물의료센터,10:00,10:00,10:00,10:00,10:00,10:00,10:00,,22:00,22:00,22:00,22:00,22:00,22:00,18:00,,"평일,토 10:00~22:00 (접수는 30분전 마감)/일 10:00~18:00 (접수는 30분전 마감)"
잠실 준25시 동물병원,10:00,10:00,10:00,10:00,10:00,10:00,11:00,,21:00,21:00,21:00,21:00,21:00,21:00,19:00,,"평일,토요일 10:00~21:00 / 일요일 11:00~19:00 (예약진료)"
다나동물병원,10:00,10:00,10:00,10:00,10:00,10:00,,,20:00,20:00,20:00,20:00,20:00,19:00,,,평일 10:00~20:00/토 10:00~19:00
더독동물병원,10:00,10:00,10:00,10:00,10:00,10:00,,,20:00,20:00,20:00,20:00,20:00,19:00,,,평일 10:00~20:00/토 10:00~19:00
로얄동물메디컬센터,0:00,0:00,0:00,0:00,0:00,0:00,0:00,0:00,24:00:00,24:00:00,24:00:00,24:00:00,24:00:00,24:00:00,24:00:00,24:00:00,매일 00:00~24:00
도화동물병원,10:00,10:00,10:00,10:00,10:00,10:00,,,19:00,19:00,19:00,19:00,19:00,15:00,,,평일 10:00~19:00 / 토요일 10:00~15:00
두리동물병원,10:00,10:00,10:00,10:00,10:00,10:00,,,20:00,20:00,20:00,20:00,20:00,18:00,,,평일 10:00~20:00 / 토요일 10:00~18:00
오즈동물병원,10:00,10:00,10:00,10:00,10:00,10:00,,,19:00,19:00,19:00,19:00,19:00,17:00,,,평일 10:00~19:00 / 토 10:00~17:00
최영민 동물의료센터,10:00,10:00,10:00,10:00,10:00,10:00,10:00,10:00,19:00,19:00,19:00,19:00,19:00,19:00,19:00,19:00,매일 10:00~19:00
퍼스동물병원,,,,,,,,,,,,,,,,,
퍼스트동물의료센터,10:00,10:00,10:00,10:00,10:00,10:00,10:00,10:00,20:00,20:00,20:00,20:00,20:00,19:00,19:00,19:00,"평일 10:00~20:00 /주말,공휴일 10:00~19:00"
구로종합동물병원,10:00,10:00,10:00,10:00,10:00,10:00,,,21:00,22:00,18:00,21:00,21:00,16:00,,,"월,목,금 10:00~21:00/화 10:00~22:00/수 10:00~18:00/토 10:00~16:00"
왈츠동물병원,10:00,10:00,10:00,10:00,10:00,10:00,10:00,10:00,20:00,20:00,20:00,20:00,20:00,20:00,20:00,20:00,"매일 10:00~20:00/미용,용품시간 별도"
가로수동물병원,10:00,10:00,10:00,10:00,10:00,10:00,11:00,10:00,19:00,19:00,19:00,19:00,19:00,19:00,18:00,19:00,매일 10:00~19:00 / 일요일 11:00~18:00
126.9468697,10:00,10:00,10:00,10:00,10:00,10:00,,,19:00,19:00,19:00,19:00,19:00,19:00,,,"평일,토요일 10:00~19:00"
어울동물의료센터,11:00,11:00,11:00,11:00,11:00,11:00,11:00,11:00,21:00,21:00,21:00,21:00,21:00,21:00,21:00,21:00,매일 11:00~21:00
헤이븐동물병원,10:00,10:00,10:00,10:00,10:00,10:00,,,19:00,19:00,19:00,19:00,19:00,17:00,,,평일 10:00~19:00/토 10:00~17:00
유현동물병원,9:30,9:30,9:30,9:30,9:30,9:30,,,20:00,20:00,20:00,20:00,20:00,18:00,,,평일 09:30~20:00 /토 09:30~18:00
행복한동물병원,10:00,10:00,10:00,10:00,10:00,10:00,,,19:30,19:30,19:30,19:30,19:30,15:00,,,평일 10:00~19:30 / 토요일 10:00~15:00
두리동물병원,10:30,10:30,10:30,10:30,10:30,10:30,,,19:00,19:00,19:00,19:00,19:00,18:00,,,평일 10:30~19:00 / 토요일 10:30~18:00
하비동물병원,9:00,9:00,9:00,9:00,9:00,9:00,9:00,9:00,20:00,20:00,20:00,20:00,20:00,17:00,17:00,17:00,"평일 09:00~21:00(접수마감 20:00) / 주말,공휴일 09:00~18:00 (접수마감 17:00)"
로잔동물의료센터,10:00,10:00,10:00,10:00,10:00,10:00,10:00,10:00,20:00,20:00,20:00,20:00,20:00,19:00,19:00,19:00,"평일 10:00~20:00/주말,공휴일 10:00~19:00"
조은동물병원,9:00,9:00,9:00,9:00,10:00,9:00,10:00,,21:00,21:00,21:00,20:00,21:00,20:00,19:00,,"월,화,수요일 09:00~21:00 / 목,토요일 09:00~20:00 / 금요일 10:00~21:00 / 일요일 10:00~19:00"
한동물병원,9:30,9:30,9:30,9:30,9:30,9:30,,10:00,19:30,19:30,19:30,19:30,19:30,17:30,,17:00,평일 09:30~19:30 / 토요일 09:30~17:30 / 공휴일 10:00~17:00
하나동물병원,9:00,9:00,9:00,9:00,9:00,9:00,,,19:00,19:00,19:00,19:00,19:00,16:00,,,평일 09:00~19:00 / 토요일 09:00~16:00
위너스 동물병원,10:00,10:00,10:00,10:00,10:00,10:00,,,18:00,18:00,18:00,18:00,18:00,18:00,,,"평일,토요일 10:00~18:00"
광진동물의료센터,9:00,9:00,9:00,9:00,9:00,9:00,9:00,9:00,21:00,21:00,21:00,21:00,21:00,21:00,21:00,21:00,매일 09:00~21:00 (주간진료) / 매일 21:00~09:00 (야간진료)
교대동물병원,10:00,10:00,10:00,10:00,10:00,10:00,,,19:00,19:00,19:00,19:00,19:00,19:00,,,"평일,토요일 10:00~19:00 "
웰니스 클리닉 청계천점,10:00,10:00,13:00,10:00,10:00,10:00,10:00,10:00,20:00,20:00,20:00,20:00,20:00,18:00,18:00,18:00,"월,화,목,금 10:00~20:00/수 13:00~20:00/주말,공휴일 10:00~18:00"
삼색이 동물병원,9:00,9:00,9:00,9:00,9:00,9:00,9:00,9:00,19:00,19:00,19:00,19:00,19:00,19:00,19:00,19:00,매일 09:00~19:00
더블유동물병원,9:30,9:30,9:30,9:30,9:30,9:30,,,19:30,19:30,19:30,19:30,19:30,19:00,,,평일 09:30~19:30 / 토요일 09:30~19:00
24시 글로리 동물병원,0:00,0:00,0:00,0:00,0:00,0:00,0:00,0:00,24:00:00,24:00:00,24:00:00,24:00:00,24:00:00,24:00:00,24:00:00,24:00:00,매일 00:00~24:00
24시 예스 동물병원,10:50,10:50,10:50,10:50,10:50,11:00,,11:00,19:30,19:30,19:30,19:30,19:30,18:00,,18:00,"평일 10:50~19:30 / 토,공휴일 11:00~18:00"
24시 시유동물메디컬센터,9:30,9:30,9:30,9:30,9:30,9:30,9:30,9:30,21:00,21:00,21:00,21:00,21:00,21:00,21:00,21:00,일반진료 매일 09:30~21:00/응급진료 21:00~09:30
여의도 동물병원,10:00,10:00,10:00,10:00,10:00,10:00,13:00,,20:00,20:00,20:00,20:00,20:00,20:00,19:00,,월~토 10:00~20:00/일 13:00~19:00
디엔씨동물병원,,,,,,,,,,,,,,,,,
한빛종합동물병원,9:30,9:30,9:30,9:30,9:30,9:30,10:00,10:00,20:00,20:00,20:00,20:00,20:00,19:00,17:00,17:00,"평일 09:30~20:00/토 09:30~19:00/일,공휴일 10:00~17:00 "
세진동물병원,10:00,10:00,10:00,10:00,10:00,10:00,10:00,10:00,19:30,19:30,19:30,19:30,19:30,19:30,19:30,19:30,매일 10:00~19:30
밀리언동물병원,9:30,9:30,9:30,9:30,9:30,9:30,,,19:30,19:30,19:30,19:30,19:30,17:30,,,평일 09:30~19:30/토 09:30~17:30
가나동물병원,,,,,,,,,,,,,,,,,
그린동물병원,10:00,10:00,10:00,10:00,10:00,10:00,,,19:00,19:00,19:00,19:00,19:00,18:00,,,평일 10:00~19:00 / 토요일 10:00~18:00
임재성동물의료센터,10:00,10:00,10:00,10:00,10:00,10:00,,,19:00,19:00,19:00,19:00,19:00,19:00,,,월~토 10:00~19:00
파랑새동물병원,10:00,10:00,10:00,10:00,10:00,10:00,,,20:00,20:00,20:00,20:00,20:00,18:00,,,평일 10:00~20:00/토 10:00~18:00
한빛동물병원,,,,,,,,,,,,,,,,,
주주동물종합병원,9:00,9:00,9:00,9:00,9:00,9:00,9:00,9:00,22:00,22:00,22:00,22:00,22:00,22:00,22:00,22:00,매일 09:00~22:00
웰튼동물의료센터,0:00,0:00,0:00,0:00,0:00,0:00,0:00,0:00,24:00:00,24:00:00,24:00:00,24:00:00,24:00:00,24:00:00,24:00:00,24:00:00,00:00~24:00
서울동물병원,9:30,9:30,9:30,9:30,9:30,9:00,,10:00,18:00,18:00,18:00,18:00,18:00,17:00,,15:00,평일 09:30~18:00까지/토 09:00~17:00/공휴일 10:00~15:00
사랑동물병원,10:00,10:00,10:00,10:00,10:00,10:00,13:00,10:00,19:30,19:30,19:30,19:30,19:30,19:30,17:00,19:30,매일 10:00~19:30/일 13:00~17:00
연 동물병원,9:00,9:00,9:00,9:00,9:00,9:00,,,20:00,20:00,20:00,20:00,20:00,19:00,,,월~금 09:00~20:00/토 09:00~19:00
금쪽같은내새끼동물병원,,,,,,10:00,10:00,,,,,,,20:00,20:00,,토~일 10:00~20:00
아이봄동물병원,10:00,10:00,10:00,10:00,10:00,10:00,10:00,,20:30,20:30,20:30,20:30,20:30,20:30,16:30,,월~토 10:00~20:30/일 10:00~16:30
서울동물의료센터 별관동,9:00,9:00,9:00,9:00,9:00,,,,21:30,21:30,21:30,21:30,21:30,,,,평일 09:00~21:30
조아동물병원,9:30,9:30,9:30,9:30,9:30,9:30,,,19:00,19:00,19:00,19:00,19:00,17:00,,,평일 09:30~19:00 / 토요일 09:30~17:00
프랜즈동물병원,9:30,9:30,9:30,9:30,9:30,,,,20:00,20:00,20:00,20:00,20:00,,,,평일 09:30~20:00
비비펫동물병원,,,,,,,,,,,,,,,,,
다니엘동물병원,10:00,10:00,10:00,10:00,10:00,10:00,,,20:00,20:00,20:00,20:00,20:00,18:00,,,평일 10:00~20:00 / 토요일 10:00~18:00
셀레네동물병원,10:00,10:00,10:00,10:00,10:00,10:00,10:00,10:00,20:00,20:00,20:00,20:00,20:00,20:00,20:00,20:00,매일 10:00~20:00
ZOO동물병원,10:00,10:00,10:00,10:00,10:00,10:00,,,19:00,19:00,19:00,19:00,19:00,17:00,,,평일 10:00~19:00 / 토요일 10:00~17:00
서울햇빛동물병원,10:00,10:00,10:00,10:00,10:00,10:00,,10:00,20:00,22:00,20:00,20:00,20:00,18:00,,17:00,"월,수,목,금 10:00~20:00/화 10:00~22:00/토 10:00~18:00/공휴일 10:00~17:00"
힐스타동물병원,10:00,10:00,10:00,10:00,10:00,8:00,,8:00,21:00,19:00,21:00,21:00,19:00,16:00,,16:00,"월,수,목 10:00~21:00/화,금 10:00~19:00/토,공휴일 08:00~16:00/일 08:00~16:00(호텔,용품만 운영)"
와우동물병원,9:30,9:30,9:30,9:30,9:30,9:30,,,19:30,19:30,19:30,19:30,19:30,18:00,,,평일 09:30~19:30 / 토요일 09:30~18:00
브라운동물병원,,,,,,,,,,,,,,,,,
하이유 동물병원,10:00,10:00,10:00,10:00,10:00,10:00,,10:00,20:00,20:00,20:00,20:00,20:00,18:00,,18:00,"평일 10:00~20:00 / 토,공휴일 10:00~18:00"
금호동물병원,10:00,10:00,10:00,10:00,10:00,10:00,12:00,,20:00,20:00,20:00,20:00,20:00,17:30,17:00,,평일 10:00~20:00 / 토요일 10:00~17:30 / 일요일 12:00~17:00
신반포동물병원,,,,,,,,,,,,,,,,,
보람동물병원,,,,,,,,,,,,,,,,,
다나동물병원,10:00,10:00,10:00,10:00,10:00,10:00,10:00,10:00,19:00,19:00,19:00,19:00,19:00,19:00,19:00,19:00,매일 10:00~19:00
상도힐링동물병원,10:00,10:00,10:00,10:00,10:00,10:00,10:00,10:00,20:00,20:00,20:00,20:00,20:00,20:00,20:00,20:00,매일 10:00~20:00
해피동물병원,10:00,10:00,10:00,10:00,10:00,10:00,10:00,10:00,21:00,21:00,21:00,21:00,21:00,21:00,21:00,21:00,매일 10:00~21:00
바다동물병원,9:00,9:00,,9:00,9:00,9:00,9:00,,20:00,20:00,,20:00,20:00,19:00,19:00,,"월,화,목,금 09:00~20:00/주말 09:00~19:00"
보듬동물병원,9:30,9:30,9:30,9:30,9:30,9:30,,9:30,20:00,20:00,20:00,20:00,20:00,18:00,,18:00,"평일 09:30~20:00 / 토요일,공휴일 09:30~18:00"
바론동물병원,10:00,10:00,10:00,10:00,10:00,10:00,,,20:00,20:00,20:00,20:00,20:00,18:00,,,평일 10:00~20:00 / 토요일 10:00~18:00
위즈동물병원,10:00,10:00,10:00,10:00,10:00,10:00,,10:00,20:00,20:00,20:00,20:00,20:00,19:00,,19:00,"평일 10:00~20:00(목요일 휴무)/토요일,공휴일 10:00~19:00"
도담동물병원,,,,,,,,,,,,,,,,,
H 동물병원,10:00,10:00,10:00,10:00,10:00,10:00,,,20:00,20:00,20:00,20:00,20:00,20:00,,,"평일,토 10:00~20:00 / 일요일 휴무(예약진료 운영)"
연서동물종합병원,9:00,9:00,9:00,9:00,9:00,9:00,9:00,9:00,21:00,21:00,21:00,21:00,21:00,21:00,21:00,21:00,매일 09:00~21:00
주주동물병원,9:30,9:30,9:30,9:30,9:30,9:30,10:00,10:00,22:00,20:00,20:00,22:00,20:00,20:00,18:00,18:00,"화,수,금,토 09:30~20:00/월,목 09:30~22:00/일,공휴일 10:00~18:00"
가람동물병원,9:30,9:30,9:30,9:30,9:30,9:30,,9:30,20:00,20:00,20:00,20:00,20:00,18:00,,18:00,"평일 09:30~20:00/토,공휴일 09:30~18:00"
은마로동물병원,10:00,10:00,10:00,10:00,10:00,10:00,10:00,,20:00,20:00,20:00,20:00,20:00,16:00,16:00,,평일 10:00~20:00 / 주말 10:00~16:00
양지가축동물병원,10:00,10:00,10:00,10:00,10:00,10:00,,,18:00,18:00,18:00,18:00,18:00,16:00,,,평일 10:00~18:00/토 10:00~16:00
아이본동물병원,10:00,10:00,10:00,10:00,10:00,10:00,10:00,10:00,20:00,20:00,20:00,20:00,20:00,19:00,20:00,20:00,매일 10:00~13:00(수술시간 및 예약진료)/14:00~20:00(외래진료)/토 10:00~19:00
이앤박동물병원,10:00,10:00,10:00,10:00,10:00,10:00,10:00,10:00,20:00,20:00,20:00,20:00,20:00,18:00,18:00,18:00,"평일 10:00~20:00/주말,공휴일 10:00~18:00"
해맑은동물병원,10:00,10:00,10:00,10:00,10:00,,,,19:00,19:00,19:00,19:00,19:00,,,,평일 10:00~19:00
안박동물병원,10:00,10:00,10:00,10:00,10:00,,,,19:00,19:00,19:00,19:00,19:00,,,,평일 10:00~19:00
수동물병원,10:00,10:00,10:00,10:00,10:00,10:00,,,19:00,19:00,19:00,19:00,19:00,16:00,,,평일 10:00~19:00 / 토요일 10:00~16:00
정겨운동물병원,10:00,10:00,10:00,10:00,10:00,10:00,10:00,10:00,20:00,20:00,20:00,20:00,20:00,20:00,20:00,20:00,매일 10:00~20:00
가나종합동물병원,9:00,9:00,9:00,9:00,9:00,9:00,9:00,9:00,20:00,20:00,20:00,20:00,20:00,20:00,20:00,20:00,매일 09:00~20:00
닥터스종합동물병원,10:00,10:00,10:00,10:00,10:00,10:00,10:00,10:00,20:30,20:30,20:30,20:30,20:30,20:30,20:30,20:30,매일 10:00~21:00(접수마감 20:30)
보라매동물병원,9:00,9:00,9:00,9:00,9:00,9:00,,,19:00,19:00,19:00,19:00,19:00,18:00,,,평일 09:00~19:00/토 09:00~18:00
산책동물병원,10:00,10:00,10:00,10:00,10:00,10:00,10:00,10:00,21:00,21:00,21:00,21:00,21:00,21:00,21:00,21:00,매일 10:00~21:00
선동물병원,10:00,,10:00,10:00,10:00,10:00,10:00,,19:30,,19:30,19:30,19:30,19:30,19:30,,"월,수,목,금,주말 10:00~19:30"
유석동물병원,9:30,9:30,9:30,9:30,9:30,9:30,9:30,9:30,20:00,20:00,20:00,20:00,20:00,19:00,19:00,19:00,"평일 09:30 ~ 20:00/주말,공휴일 09:30 ~ 19:00"
남산동물병원,,,,,,,,,,,,,,,,,
양천동물병원,10:00,10:00,10:00,10:00,10:00,10:00,10:00,10:00,21:00,21:00,21:00,21:00,21:00,21:00,21:00,21:00,매일 10:00~21:00
열린종합동물병원,,,,,,,,,,,,,,,,,
링크 동물의료센터,9:00,9:00,9:00,9:00,9:00,9:00,9:00,9:00,21:00,21:00,21:00,21:00,21:00,21:00,18:00,21:00,매일 09:00~21:00/일 09:00~18:00
하나동물병원,10:30,10:30,10:30,10:30,10:30,10:30,,,19:30,19:30,19:30,19:30,19:30,14:00,,,평일 10:30~19:30 / 토요일 10:30~14:00
해봄동물병원,10:00,10:00,10:00,10:00,10:00,10:00,,,20:00,20:00,20:00,20:00,20:00,18:00,,,평일 10:00~20:00/토 10:00~18:00
더싼동물병원,9:00,9:00,9:00,9:00,9:00,10:00,,,20:00,20:00,20:00,20:00,20:00,19:00,,,평일 09:00~20:00/토 10:00~19:00
한얼동물병원,,,,,,,,,,,,,,,,,
길종합동물병원,10:00,10:00,10:00,10:00,10:00,10:00,,10:00,20:00,20:00,20:00,20:00,20:00,17:00,,17:00,"평일 10:00~20:00/토,공휴일 10:00~17:00"
영등포동물병원,9:00,9:00,9:00,9:00,9:00,9:00,10:00,,20:00,20:00,20:00,20:00,20:00,20:00,19:00,,월~토 09:00~20:00/일 10:00~19:00
동물을사랑하는사람들,10:00,10:00,10:00,10:00,10:00,,,,20:00,20:00,20:00,20:00,20:00,,,,평일 10:00~20:00
키다리동물병원,10:00,10:00,10:00,10:00,10:00,10:00,,10:00,20:00,20:00,20:00,20:00,20:00,16:00,,16:00,"평일 10:00~20:00 / 토,공휴일 10:00~16:00"
사랑해요동물병원,9:30,9:30,9:30,9:30,9:30,9:30,,,19:00,19:00,19:00,19:00,19:00,18:00,,,평일 09:30~19:00 / 토요일 09:30~18:00
나우동물의료센터,10:00,10:00,10:00,10:00,10:00,10:00,10:00,10:00,21:00,21:00,21:00,21:00,21:00,21:00,18:00,18:00,"평일,토요일 10:00~21:00 / 일요일,공휴일 10:00~18:00"
박창석종합동물병원,9:00,9:00,9:00,9:00,9:00,9:00,,,19:00,19:00,19:00,19:00,19:00,16:00,,,평일 09:00~19:00 / 토요일 09:00~16:00
힐링동물병원,9:30,9:30,9:30,9:30,9:30,9:30,12:00,,21:00,21:00,21:00,21:00,21:00,18:00,18:00,,평일 09:30~21:00 / 토요일 09:30~18:00 / 일요일 12:00~18:00
미래동물병원,,,,,,,,,,,,,,,,,
하니동물병원,,,,,,,,,,,,,,,,,
피움동물병원,9:00,9:00,9:00,9:00,9:00,10:00,10:00,10:00,21:00,21:00,21:00,21:00,21:00,18:00,18:00,18:00,"평일 09:00~21:00/주말,공휴일 10:00~18:00"
VIP동물의료센터 청담점,0:00,0:00,0:00,0:00,0:00,0:00,0:00,0:00,24:00:00,24:00:00,24:00:00,24:00:00,24:00:00,24:00:00,24:00:00,24:00:00,매일 00:00~24:00
동물제중원금손이,10:00,10:00,10:00,10:00,10:00,10:00,,,19:00,19:00,19:00,19:00,19:00,18:00,,,평일 10:00~19:00 / 토요일 10:00~18:00
치료해주오 동물병원,10:00,10:00,,10:00,10:00,10:00,10:00,,17:00,17:00,,17:00,17:00,17:00,17:00,,"월,화,목,금,주말 10:00~17:00"
혜인종합동물병원본점,9:30,9:30,9:30,9:30,9:30,9:30,,9:30,19:00,19:00,19:00,19:00,19:00,18:00,,18:00,"평일 09:30~19:00 / 토,공휴일 09:30~18:00"
둘리동물병원,10:00,10:00,10:00,10:00,10:00,10:00,10:00,,19:00,19:00,19:00,19:00,19:00,19:00,18:00,,"평일,토 10:00~19:00/일 10:00~18:00"
강남25시동물병원,9:00,9:00,9:00,9:00,9:00,,12:30,12:30,21:30,21:30,21:30,21:30,21:30,,21:00,21:00,"평일 09:00~21:30/일,공휴일 12:30~21:00"
신림종합동물병원,10:00,10:00,10:00,10:00,10:00,10:00,,10:00,21:00,21:00,21:00,21:00,21:00,19:00,,19:00,"평일 10:00~21:00/토,공휴일 10:00~19:00"
남서울동물병원,9:00,9:00,9:00,9:00,9:00,9:00,9:00,9:00,19:00,19:00,19:00,19:00,19:00,19:00,19:00,19:00,매일 09:00~19:00
해뜨는동물병원해질녘책방,10:00,10:00,10:00,10:00,10:00,9:30,,9:30,19:00,19:00,19:00,19:00,19:00,16:00,,16:00,"평일 10:00~19:00 / 토,공휴일 09:30~16:00"
그린동물병원,,,,,,,,,,,,,,,,,
개명동물종합병원,10:00,10:00,10:00,10:00,10:00,10:00,10:00,10:00,20:00,20:00,20:00,20:00,20:00,20:00,20:00,20:00,매일 10:00~20:00
얼바인동물병원,10:00,10:00,10:00,10:00,10:00,10:00,,10:00,21:00,21:00,21:00,21:00,21:00,19:00,,19:00,"평일 10:00~21:00 / 토요일,공휴일 10:00~19:00"
중앙동물병원,,,,,,,,,,,,,,,,,
참사랑 동물병원,10:00,10:00,10:00,10:00,10:00,10:00,,,19:00,19:00,19:00,19:00,19:00,17:00,,,평일 10:00~19:00 / 토요일 10:00~17:00
큐동물병원,10:00,10:00,10:00,10:00,10:00,10:00,,,19:30,19:30,19:30,19:30,19:30,16:30,,,평일 10:00~19:30 / 토요일 10:00~16:30
신월동물병원,9:30,9:30,9:30,9:30,9:30,9:30,,,20:00,20:00,20:00,20:00,20:00,17:00,,,평일 09:30~20:00 / 토요일 09:30~17:00
염창제일동물병원,10:00,10:00,10:00,10:00,10:00,10:00,,,20:00,20:00,20:00,20:00,20:00,19:00,,,평일 10:00~20:00 / 토요일 10:00~19:00
동물병원 공감,10:00,10:00,10:00,10:00,10:00,10:00,10:00,10:00,22:00,22:00,22:00,22:00,22:00,22:00,22:00,22:00,매일 10:00~22:00
햇살동물병원,,,,,,,,,,,,,,,,,
숲속동물병원,,,,,,,,,,,,,,,,,
연두동물병원,10:00,10:00,10:00,10:00,10:00,10:00,,,19:30,19:30,19:30,19:30,19:30,18:00,,,평일 10:00~19:30 / 토요일 10:00~18:00
웰케어동물병원,9:00,9:00,9:00,9:00,9:00,9:00,9:00,9:00,22:00,22:00,22:00,22:00,22:00,22:00,22:00,22:00,오전 09:00 ~ 22:00
압구정웰동물병원,9:00,9:00,9:00,9:00,9:00,10:00,10:00,10:00,21:00,21:00,21:00,21:00,21:00,20:00,20:00,20:00,"평일 09:00~21:00/주말,공휴일 10:00~20:00"
봄날동물병원 목동본점,10:00,10:00,10:00,10:00,10:00,10:00,,,20:00,20:00,20:00,22:00,22:00,22:00,,,"월,화,수요일 10:00~20:00 / 목,금,토요일 10:00~22:00"
웨스턴 동물의료센터,10:00,10:00,10:00,10:00,10:00,10:00,10:00,10:00,19:00,19:00,19:00,19:00,19:00,19:00,19:00,19:00,오전진료 10:00~13:00 / 오후진료 14:30~19:00 / 야간진료 19:00~21:00 / 응급진료 21:00~09:00
원스동물병원,10:00,10:00,10:00,10:00,10:00,10:00,,,20:00,20:00,20:00,20:00,20:00,20:00,,,월~토 10:00~20:00
백년동물병원,,,,,,,,,,,,,,,,,
바우라움 동물병원,10:30,10:30,10:30,10:30,10:30,10:30,,,19:00,19:00,19:00,19:00,19:00,19:00,,,"평일,토요일 10:30~19:00 "
나루동물병원,9:30,9:30,9:30,9:30,9:30,9:30,9:30,9:30,20:00,20:00,20:00,20:00,20:00,20:00,20:00,20:00,매일 09:30~20:00
와우동물병원,,,,,,,,,,,,,,,,,
금천24시 K동물의료센터,0:00,0:00,0:00,0:00,0:00,0:00,0:00,0:00,24:00:00,24:00:00,24:00:00,24:00:00,24:00:00,24:00:00,24:00:00,24:00:00,매일 00:00~24:00
바른펫 동물의료센터,0:00,0:00,0:00,0:00,0:00,0:00,0:00,0:00,24:00:00,24:00:00,24:00:00,24:00:00,24:00:00,24:00:00,24:00:00,24:00:00,매일 00:00~24:00
디오빌동물병원,10:00,10:00,10:00,10:00,10:00,10:00,10:00,10:00,20:00,20:00,20:00,20:00,20:00,19:00,19:00,19:00,"평일 10:00~20:00/주말,공휴일 10:00~19:00"
에이원동물병원,10:00,10:00,10:00,10:00,10:00,10:00,10:00,10:00,19:00,19:00,19:00,15:00,19:00,19:00,19:00,14:00,매일 10:00~19:00 / 목요일 10:00~15:00 / 공휴일 10:00~14:00
월드펫동물종합병원,9:30,9:30,9:30,9:30,9:30,9:30,9:30,9:30,21:00,21:00,21:00,21:00,21:00,20:00,20:00,20:00,"평일 09:30~21:00 / 주말,공휴일 09:30~20:00"
제연동물병원,10:00,10:00,10:00,10:00,10:00,10:00,,,19:30,19:30,19:30,19:30,19:30,16:00,,,평일 10:00~19:30 / 토요일 10:00~16:00
드림동물병원,9:30,9:30,9:30,9:30,9:30,9:30,,,19:00,19:00,19:00,19:00,19:00,19:00,,,평일 09:30~19:00 / 토요일 09:30~19:00
고려동물병원,9:00,9:00,9:00,9:00,9:00,9:00,,9:00,20:00,20:00,20:00,20:00,20:00,19:00,,19:00,"평일 09:00~20:00 / 토요일,공휴일 09:00~19:00"
사당동물병원,10:00,10:00,10:00,10:00,10:00,10:00,,,21:00,21:00,21:00,21:00,21:00,19:00,,,평일 10:00~21:00/토 10:00~19:00
닥터캣고양이병원,10:00,10:00,10:00,10:00,10:00,10:00,,,19:00,19:00,19:00,19:00,19:00,19:00,,,평일 10:00~19:00 / 토요일 10:00~19:00
진서동물병원,9:00,9:00,9:00,9:00,9:00,9:00,,,19:00,19:00,19:00,19:00,19:00,19:00,,,"평일,토 09:00~19:00"
라온펫동물병원,10:00,10:00,10:00,10:00,10:00,10:00,,,20:00,20:00,20:00,20:00,20:00,20:00,,,월~토 10:00~20:00
워너비동물병원,10:00,10:00,10:00,10:00,10:00,10:00,,10:00,20:00,20:00,20:00,20:00,20:00,19:00,,18:00,평일 10:00~20:00 / 토요일 10:00~19:00 / 공휴일 10:00~18:00
올리브동물병원,10:00,10:00,10:00,10:00,10:00,10:00,10:00,,21:00,21:00,21:00,21:00,21:00,19:00,19:00,,평일 10:00~21:00/주말 10:00~19:00
일오삼동물병원,10:00,10:00,10:00,10:00,10:00,10:00,,10:00,20:30,20:30,20:30,20:30,20:30,19:00,,19:00,"평일 10:00~20:30 / 토,공휴일 10:00~19:00"
러브마이펫동물병원,,,,,,,,,,,,,,,,,
브이케어 동물병원,10:00,10:00,10:00,10:00,10:00,10:00,10:00,10:00,19:00,19:00,19:00,19:00,19:00,19:00,19:00,19:00,매일 10:00~19:00
내방동물병원,10:00,10:00,10:00,10:00,10:00,10:00,10:00,10:00,22:00,22:00,22:00,22:00,22:00,22:00,22:00,22:00,매일 주간진료 10:00~22:00 / 매일 야갼진료 20:00~22:00
24시SKY 동물의료센터,0:00,0:00,0:00,0:00,0:00,0:00,0:00,0:00,24:00:00,24:00:00,24:00:00,24:00:00,24:00:00,24:00:00,24:00:00,24:00:00,매일 00:00~24:00
늘푸른종합동물병원,9:30,9:30,9:30,9:30,9:30,9:30,9:30,9:30,19:00,19:00,19:00,19:00,19:00,16:00,19:00,16:00,"매일 09:30~19:00 / 토,공휴일 09:30~16:00"
아델동물병원,10:00,10:00,10:00,10:00,10:00,,,,20:00,20:00,20:00,20:00,20:00,,,,평일 10:00~20:00
텐즈힐링동물병원,11:00,11:00,11:00,11:00,11:00,11:00,,11:00,20:00,20:00,20:00,20:00,20:00,17:00,,17:00,"평일 11:00~20:00 / 토,공휴일 11:00~17:00"
파라곤동물병원,10:30,10:30,10:30,10:30,10:30,,,,18:00,18:00,18:00,18:00,18:00,,,,평일 10:30~18:00
건강한동물병원,10:00,10:00,10:00,10:00,10:00,10:00,,,20:00,20:00,20:00,20:00,20:00,18:00,,,평일 10:00~20:00/토 10:00~18:00
미소로동물병원,9:30,9:30,9:30,9:30,9:30,,10:00,10:00,21:00,21:00,21:00,21:00,21:00,,20:00,20:00,"평일 09:30~21:00/일,공휴일 10:00~20:00"
진정훈동물병원,10:00,10:00,10:00,10:00,10:00,10:00,,,18:30,18:30,18:30,18:30,18:30,14:00,,,평일 10:00~18:30/토 10:00~14:00
스마트동물병원,10:00,10:00,10:00,10:00,10:00,10:00,12:00,,20:00,20:00,20:00,20:00,20:00,19:00,17:00,,평일 10:00~20:00/토 10:00~19:00/일 12:00~17:00
다온동물병원,10:00,10:00,10:00,10:00,10:00,10:00,10:00,,20:00,20:00,20:00,20:00,20:00,18:00,18:00,,평일 10:00~20:00 / 주말 10:00~18:00
대형동물병원,9:30,9:30,9:30,9:30,9:30,9:30,,,18:30,18:30,18:30,18:30,18:30,12:30,,,평일 09:30~18:30 / 토 09:30~12:30
화랑동물병원,9:00,9:00,9:00,9:00,9:00,9:00,9:00,9:00,18:00,18:00,18:00,18:00,18:00,18:00,18:00,18:00,매일 09:00~18:00(13:00이후 예약진료만 진행)
서울탑동물병원,9:00,9:00,9:00,9:00,9:00,9:00,9:00,9:00,21:00,21:00,21:00,21:00,21:00,21:00,21:00,21:00,매일 09:00~21:00
개포동물병원,10:00,10:00,10:00,10:00,10:00,,,,21:00,21:00,21:00,21:00,21:00,,,,평일 10:00~21:00
파리스동물병원,10:00,10:00,10:00,10:00,10:00,10:00,10:00,,21:00,21:00,21:00,21:00,21:00,20:00,20:00,,평일 10:00~21:00 / 주말 10:00~20:00
세종동물병원,9:00,9:00,9:00,9:00,9:00,9:00,,,21:00,21:00,21:00,21:00,21:00,21:00,,,평일 9:00~21:00 / 토요일 9:00~21:00
산들산들동물병원,10:00,10:00,10:00,10:00,10:00,10:00,10:00,10:00,20:00,20:00,20:00,20:00,20:00,20:00,20:00,20:00,일반진료 매일 10:00~20:00 / 야간진료 평일 20:00~24:00
땅콩동물병원,10:00,10:00,10:00,10:00,10:00,10:00,10:00,10:00,18:00,18:00,18:00,18:00,18:00,18:00,18:00,18:00,매일 10:00~18:00
24시 강서 젠틀리동물의료센터,10:00,10:00,10:00,10:00,10:00,10:00,10:00,10:00,20:00,20:00,20:00,20:00,20:00,20:00,20:00,20:00,"매일 00:00~09:00 (심야 응급진료,일요일 휴진) / 매일 10:00~20:00 (주간진료) / 매일 20:00~00:00 (야간 응급진료)"
불광동물병원,9:30,9:30,9:30,9:30,9:30,9:00,,,19:00,19:00,19:00,19:00,19:00,16:00,,,평일 09:30~19:00/토 09:00~16:00
페토브동물병원,9:30,9:30,9:30,9:30,9:30,9:30,,9:30,20:00,20:00,20:00,20:00,20:00,18:00,,18:00,"평일 09:30~20:00 / 토,공휴일 09:30~18:00"
24시 SD동물의료센터,0:00,0:00,0:00,0:00,0:00,0:00,0:00,0:00,24:00:00,24:00:00,24:00:00,24:00:00,24:00:00,24:00:00,24:00:00,24:00:00,24시간 영업
씨에이치동물병원,10:00,10:00,10:00,10:00,10:00,10:00,,,20:00,20:00,20:00,20:00,20:00,17:00,,,평일 10:00~20:00/토 10:00~17:00
쿠키 동물병원,9:00,9:00,9:00,9:00,9:00,10:00,10:00,,19:00,19:00,19:00,19:00,19:00,19:00,19:00,,평일 09:00~19:00/주말 10:00~19:00
메인동물메디컬센터,10:00,10:00,10:00,10:00,10:00,10:00,10:00,10:00,21:00,21:00,21:00,21:00,21:00,21:00,21:00,21:00,매일 10:00~02:00 (21:00~02:00 야간진료) / 일요일은 야간진료 휴진입니다.
보라매 웰 종합 동물병원,9:00,9:00,9:00,9:00,9:00,9:00,9:00,9:00,21:00,21:00,21:00,21:00,21:00,21:00,21:00,21:00,매일 09:00~21:00
심재웅동물병원,,,,,,,,,,,,,,,,,
천호동물병원,,,,,,,,,,,,,,,,,
캣&덴탈 하이디 동물병원,10:00,10:00,10:00,10:00,10:00,10:00,10:00,10:00,20:00,20:00,20:00,20:00,20:00,20:00,20:00,20:00,매일 10:00~20:00
석촌동물병원,10:30,10:30,10:30,10:30,10:30,10:30,10:30,,19:30,19:30,19:30,19:30,19:30,18:30,15:30,,평일 10:30~19:30 /토요일 10:30~18:30 / 일요일 10:30~15:30
와우종합동물병원,10:00,10:00,10:00,10:00,10:00,10:00,,,19:00,19:00,19:00,19:00,19:00,17:00,,,평일 10:00~19:00/토 10:00~17:00
아인스동물병원,9:00,9:00,9:00,9:00,9:00,9:00,,,19:00,19:00,19:00,19:00,19:00,18:00,,,평일 09:00~19:00 / 토요일 09:00~18:00
잠실종합동물병원,10:00,10:00,10:00,10:00,10:00,10:00,10:00,10:00,19:00,19:00,19:00,19:00,19:00,19:00,19:00,19:00,매일 10:00~19:00
라임동물병원,10:00,10:00,10:00,10:00,10:00,10:00,,10:00,19:30,19:30,19:30,19:30,19:30,17:30,,17:30,"평일 10:00~19:30 / 토,공휴일 10:00~17:30"
헬리오동물병원,10:00,10:00,10:00,10:00,10:00,10:00,,,19:00,19:00,19:00,19:00,19:00,19:00,,,"평일,토 10:00~20:00(접수마감 19:00)"
목동동물병원,10:00,10:00,10:00,10:00,10:00,10:00,,10:00,19:30,19:30,19:30,19:30,19:30,17:30,,16:30,평일 10:00~19:30 / 토요일 10:00~17:30 / 공휴일 10:00~16:30
개포별빛동물병원,9:00,9:00,9:00,9:00,9:00,10:00,10:00,10:00,20:00,20:00,20:00,20:00,20:00,20:00,18:00,18:00,"평일 09:00~20:00/토 10:00~20:00/일,공휴일 10:00~18:00"
금나래동물병원,10:00,10:00,10:00,14:00,10:00,10:00,10:00,10:00,19:30,19:30,19:30,20:00,19:30,19:30,20:00,20:00,"매일 10:00~20:00/진료시간 월,화,수,금,토 10:00~19:30/목 14:00~20:00"
올스타동물의료센터,9:30,9:30,9:30,9:30,9:30,10:00,10:00,10:00,21:00,21:00,21:00,21:00,21:00,20:00,20:00,20:00,"평일 09:30~21:00/주말,공휴일 10:00~20:00"
스마트동물병원동대문점,0:00,0:00,0:00,0:00,0:00,0:00,0:00,0:00,24:00:00,24:00:00,24:00:00,24:00:00,24:00:00,24:00:00,24:00:00,24:00:00,매일 00:00~24:00
서울종합동물병원본원,9:30,9:30,9:30,9:30,9:30,9:30,9:30,9:30,21:00,21:00,21:00,21:00,21:00,21:00,21:00,21:00,매일 09:30~21:00
굿모닝 동물병원,10:00,10:00,10:00,10:00,10:00,10:00,,,20:00,20:00,20:00,20:00,20:00,16:00,,,평일 10:00~20:00 / 토요일 10:00~16:00
한마음동물병원,,,,,,,,,,,,,,,,,
퍼피즌동물병원,9:30,9:30,9:30,9:30,9:30,9:30,9:30,9:30,20:00,20:00,20:00,20:00,20:00,20:00,18:00,18:00,"평일,토 09:30~20:00/일,공휴일 09:30~18:00"
서울대학교관악캠퍼스수의대부속동물병원,9:00,9:00,9:00,9:00,9:00,,,,15:00,15:00,15:00,15:00,15:00,,,,평일 09:00~15:00 (사전예약제)
고려종합동물병원,9:30,9:30,9:30,9:30,9:30,9:30,9:30,9:30,19:00,19:00,19:00,19:00,19:00,19:00,19:00,19:00,매일 09:30~19:00
송파동물의료센터,9:00,9:00,9:00,9:00,9:00,9:00,9:00,9:00,22:00,22:00,22:00,22:00,22:00,22:00,22:00,22:00,매일 09:00~22:00
서초동물병원,9:00,9:00,9:00,9:00,9:00,9:00,11:00,9:00,21:00,21:00,21:00,21:00,21:00,21:00,18:00,21:00,"평일,토,공휴일 09:00~21:00 / 일요일 11:00~18:00"
금강종합동물병원,9:00,9:00,9:00,9:00,9:00,9:00,,,20:00,20:00,20:00,20:00,20:00,19:00,,,평일 09:00~20:00/토 09:00~19:00
채움동물의료센터,9:30,9:30,9:30,9:30,9:30,9:30,9:30,9:30,22:00,22:00,22:00,22:00,22:00,22:00,22:00,22:00,매일 09:30~22:00 (24시간 입원환자 관리)
우리아이 동물병원,10:00,10:00,10:00,10:00,10:00,10:00,,,20:00,20:00,20:00,20:00,20:00,18:00,,,평일 10:00~20:00 / 토요일 10:00~18:00
에이블동물병원,10:00,10:00,10:00,10:00,10:00,10:00,,10:00,21:00,21:00,21:00,21:00,21:00,19:00,,19:00,"평일 10:00~21:00/토,공휴일 10:00~19:00"
푸른숲 동물병원,10:00,10:00,10:00,10:00,10:00,10:00,,,19:30,19:30,19:30,19:30,19:30,17:00,,,평일 10:00~19:30 / 토요일 10:00~17:00
모두동물병원,10:00,10:00,10:00,10:00,10:00,10:00,10:00,,21:00,21:00,19:00,21:00,21:00,21:00,18:00,,"월,화,목,금,토 10:00~21:00 / 수요일 10:00~19:00 / 일요일 10:00~18:00"
공항축산동물병원,10:00,10:00,10:00,10:00,10:00,10:00,,,18:00,18:00,18:00,18:00,18:00,16:00,,,평일 10:00~18:00 / 토요일 10:00~16:00
누리봄동물병원,9:30,9:30,9:30,9:30,9:30,10:00,,,19:00,19:00,19:00,19:00,19:00,16:00,,,평일 09:30~19:30(접수 마감 19:00)/토 10:00~16:00
서진동물병원,8:30,8:30,8:30,8:30,8:30,8:30,8:30,8:30,20:30,20:30,20:30,20:30,20:30,20:30,20:30,20:30,매일 08:30~20:30
수정동물병원,10:00,10:00,10:00,10:00,10:00,11:00,,11:00,19:00,19:00,19:00,19:00,19:00,17:00,,17:00,"평일 10:00~19:00/토,공휴일 11:00~17:00"
오석헌동물병원,10:00,10:00,10:00,10:00,10:00,10:00,,10:00,19:00,19:00,19:00,19:00,19:00,17:00,,17:00,"평일 10:00~19:00 / 토,공휴일 10:00~17:00"
아이펫동물병원,9:30,9:30,9:30,9:30,9:30,9:30,,12:00,21:30,21:30,21:30,21:30,21:30,21:30,,19:00,"평일,토 09:30~21:30/공휴일 12:00~19:00"
워너비동물병원 용산점,10:00,10:00,10:00,10:00,10:00,10:00,10:00,10:00,20:00,20:00,20:00,20:00,20:00,20:00,20:00,20:00,매일 10:00~20:00
미드미동물의료센터,9:30,9:30,9:30,9:30,9:30,9:30,10:00,10:00,20:00,20:00,20:00,20:00,20:00,20:00,18:00,18:00,"월~토 09:30~20:00/일,공휴일 10:00~18:00"
관악동물종합병원,10:00,10:00,10:00,10:00,10:00,10:00,10:00,10:00,20:30,20:30,20:30,20:30,20:30,19:00,19:00,19:00,"평일 10:00~20:30/주말,공휴일 10:00~19:00"
쿨펫동물병원,10:00,10:00,10:00,10:00,10:00,10:00,10:00,10:00,20:00,20:00,20:00,20:00,20:00,20:00,20:00,20:00,매일 10:00~20:00
닥터윤24시동물병원,0:00,0:00,0:00,0:00,0:00,0:00,0:00,0:00,24:00:00,24:00:00,24:00:00,24:00:00,24:00:00,24:00:00,24:00:00,24:00:00,평일 00:00~24:00
일마레동물메디컬센터,10:00,10:00,10:00,10:00,10:00,,,,20:00,20:00,20:00,20:00,20:00,,,,"평일 10:00~20:00 / 주말,공휴일 예약진료"
가나동물병원,9:30,9:30,9:30,9:30,9:30,9:30,,,19:00,19:00,19:00,19:00,19:00,15:00,,,평일 09:30~19:00 / 토요일 09:30~15:00
강남서초동물병원,10:00,10:00,10:00,10:00,10:00,10:00,,,18:00,18:00,18:00,18:00,18:00,16:00,,,평일 10:00~18:00 / 토요일 10:00~16:00
박효리군 동물병원,10:00,10:00,10:00,10:00,10:00,10:00,,,19:00,19:00,19:00,19:00,19:00,15:00,,,"평일 10:00~19:00/토 10:00~15:00/일,공휴일 예약 진료"
베이지동물병원,9:00,9:00,9:00,9:00,9:00,9:00,,,19:00,19:00,19:00,19:00,19:00,15:00,,,평일 09:00~19:00 / 토요일 09:00~15:00
ABC동물병원,9:30,9:30,9:30,9:30,9:30,9:30,9:30,9:30,20:30,20:30,20:30,20:30,20:30,20:30,20:30,20:30,매일 09:30~20:30
우장산동물의료센터,9:00,9:00,9:00,9:00,9:00,9:00,9:00,,21:00,21:00,21:00,21:00,21:00,19:00,19:00,,평일 09:00~21:00 / 주말 09:00~19:00
스마트동물병원 길음점,10:00,10:00,10:00,10:00,10:00,10:00,,10:00,20:00,20:00,20:00,20:00,20:00,19:00,,19:00,"평일 10:00~20:00 / 토,공휴일 10:00~19:00"
오거리동물병원,10:00,10:00,10:00,10:00,10:00,,,,20:00,20:00,20:00,20:00,20:00,,,,평일 10:00~20:00
미소동물의료센터,10:00,10:00,10:00,10:00,10:00,10:00,10:00,10:00,19:00,19:00,19:00,19:00,19:00,19:00,19:00,19:00,매일 10:00~19:00
강동동물병원,10:00,10:00,10:00,10:00,10:00,10:00,15:00,,21:00,21:00,21:00,21:00,21:00,21:00,19:00,,"평일,토요일 10:00~21:00 / 일요일 15:00~19:00"
이룸 동물병원,10:00,10:00,10:00,10:00,10:00,10:00,10:00,10:00,19:30,19:30,19:30,19:30,19:30,19:30,19:30,19:30,"매일 10:00~19:30 (일반진료) / 월,화,수,토요일 19:30~21:00 (야간진료)"
365 마음동물병원,9:00,9:00,9:00,9:00,9:00,9:00,9:00,9:00,21:00,21:00,21:00,21:00,21:00,21:00,21:00,21:00,매일 09:00~21:00
라라동물의료원,10:00,10:00,10:00,10:00,10:00,10:00,10:00,10:00,21:00,21:00,21:00,21:00,21:00,19:00,19:00,19:00,"평일 10:00~21:00/주말,공휴일 10:00~19:00"
담은동물병원,10:00,10:00,10:00,10:00,10:00,10:00,,,20:00,20:00,20:00,20:00,20:00,18:00,,,평일 10:00~20:00/토 10:00~18:00
아지동물병원,10:00,10:00,10:00,10:00,10:00,10:00,,,20:00,20:00,20:00,20:00,20:00,18:00,,,평일 10:00~20:00 / 토요일 10:00~18:00
아프리카동물병원,10:00,10:00,10:00,10:00,10:00,10:00,,10:00,20:00,20:00,20:00,20:00,20:00,20:00,,20:00,"평일,토,공휴일 10:00~20:00"
보담동물병원,10:00,10:00,10:00,10:00,10:00,10:00,,10:00,19:00,19:00,19:00,19:00,19:00,15:00,,15:00,"평일 10:00~19:00/토,공휴일 10:00~15:00"
Dr.수동물병원,10:00,10:00,10:00,10:00,10:00,10:00,,,19:00,19:00,19:00,19:00,19:00,18:00,,,평일 10:00~19:00/토 10:00~18:00
마곡나무 동물병원,10:00,10:00,10:00,10:00,10:00,10:00,10:00,10:00,22:00,22:00,22:00,22:00,22:00,22:00,22:00,22:00,매일 10:00~22:00
행복한 동물병원,9:30,9:30,9:30,9:30,9:30,9:30,11:00,9:30,21:00,21:00,21:00,21:00,21:00,21:00,20:00,21:00,매일 09:30~21:00 / 일요일 11:00~20:00
한국동물메디컬센터,,10:00,10:00,10:00,10:00,10:00,,,,19:00,19:00,19:00,19:00,19:00,,,"화,수,목,금,토 10:00~19:00"
초콜릿동물병원,10:00,10:00,10:00,10:00,10:00,10:00,,,20:30,20:30,20:30,20:30,20:30,19:00,,,평일 10:00~20:30 / 토요일 10:00~19:00
개봉동물병원,10:00,10:00,10:00,10:00,10:00,10:00,10:00,10:00,21:00,21:00,21:00,21:00,21:00,21:00,21:00,21:00,매일 10:00~21:00
모범동물병원,,,,,,,,,,,,,,,,,
달래동물의료센터,10:00,10:00,10:00,10:00,10:00,10:00,13:00,13:00,21:00,21:00,21:00,21:00,21:00,21:00,18:00,18:00,"평일,토 10:00~21:00/일,공휴일 13:00~18:00"
비타민동물병원,10:00,10:00,10:00,10:00,10:00,10:00,,,20:00,20:00,20:00,20:00,20:00,19:00,,,평일 10:00~20:00/토 10:00~19:00
서서울동물병원,9:30,9:30,9:30,9:30,9:30,9:30,9:30,9:30,19:00,19:00,19:00,19:00,19:00,19:00,17:00,17:00,"매일 09:30~19:00/일,공휴일 09:30~17:00"
청담동물종합병원,10:00,10:00,10:00,10:00,10:00,10:00,,,20:00,20:00,20:00,20:00,20:00,18:00,,,평일 10:00~20:00/토 10:00~18:00
라이프동물병원,10:00,10:00,10:00,10:00,10:00,10:00,,10:00,21:00,21:00,21:00,21:00,21:00,19:00,,21:00,평일 10:00~21:00/토 10:00~19:00/공휴일 10:00~21:00
한동물병원 개포점,10:00,10:00,10:00,10:00,10:00,10:00,,10:00,19:00,19:00,19:00,19:00,19:00,19:00,,19:00,"평일,토,공휴일 10:00~19:00"
24시스마트동물메디컬센터,0:00,0:00,0:00,0:00,0:00,0:00,0:00,0:00,24:00:00,24:00:00,24:00:00,24:00:00,24:00:00,24:00:00,24:00:00,24:00:00,매일 00:00~24:00
두리틀동물병원,9:00,9:00,9:00,9:00,9:00,9:00,9:00,9:00,21:00,21:00,21:00,21:00,21:00,21:00,21:00,21:00,매일 09:00~21:00
그림책 읽어주는 동물병원,9:30,9:30,9:30,9:30,9:30,,,,19:30,19:30,19:30,19:30,19:30,,,,평일 09:30~19:30
닥터펫동물의료센터,9:00,9:00,9:00,9:00,9:00,9:00,9:00,9:00,22:00,22:00,22:00,22:00,22:00,22:00,22:00,22:00,매일 09:00~22:00 / 야간 응급진료 22:30~08:00
방주종합동물병원,10:00,10:00,10:00,10:00,10:00,10:00,10:00,10:00,20:00,20:00,20:00,20:00,20:00,20:00,20:00,20:00,매일 10:00~20:00
행복한세상동물병원,10:00,10:00,10:00,10:00,10:00,10:00,10:00,10:00,20:00,20:00,20:00,20:00,20:00,20:00,20:00,20:00,매일 10:00~20:00
윤신근동물병원,10:30,10:30,10:30,10:30,10:30,10:30,10:30,10:30,20:00,20:00,20:00,20:00,20:00,20:00,20:00,20:00,매일 10:30~20:00
참동물병원,10:00,10:00,10:00,10:00,10:00,10:00,10:00,,20:30,20:30,20:30,20:30,20:30,19:00,15:00,,평일 10:00~20:30 / 토 10:00~19:00 / 일 10:00~15:00
소망동물병원,,,,,,,,,,,,,,,,,
한성동물병원,10:00,10:00,10:00,10:00,10:00,10:00,,10:00,19:00,19:00,19:00,19:00,19:00,16:00,,16:00,"평일 10:00~19:00/토,공휴일 10:00~16:00"
수락동물병원,,,,,,,,,,,,,,,,,
해맑은동물병원,10:00,10:00,10:00,10:00,10:00,10:00,12:00,,21:00,21:00,21:00,21:00,21:00,21:00,20:00,,"평일,토 10:00~21:00/일 12:00~20:00"
애니컴메디컬센터,9:00,9:00,9:00,9:00,9:00,9:00,11:00,9:00,20:30,20:30,20:30,20:30,20:30,20:30,18:00,20:30,매일 09:00~20:30/일 11:00~18:00
24시잠실베스트동물메디컬센터,10:00,10:00,10:00,10:00,10:00,10:00,10:00,10:00,22:00,22:00,22:00,22:00,22:00,22:00,22:00,22:00,매일 10:00~22:00 (일반진료) / 매일 22:00~10:00 (응급진료)
월드펫동물병원,9:00,9:00,9:00,9:00,9:00,9:00,9:00,9:00,19:00,19:00,19:00,19:00,19:00,18:00,16:00,16:00,"평일 09:00~19:00/토 09:00~18:00/일,공휴일 09:00~16:00"
CT종합동물병원,,,,,,,,,,,,,,,,,
트윈스동물병원,10:00,10:00,10:00,10:00,10:00,10:00,,,19:30,19:30,19:30,19:30,19:30,17:00,,,평일 10:00~19:30 / 토요일 10:00~17:00
바라봄동물병원,10:00,10:00,10:00,10:00,10:00,10:00,,,19:00,19:00,19:00,19:00,19:00,15:00,,,평일 10:00~19:00 / 토요일 10:00~15:00
사랑이있는동물병원,9:30,9:30,9:30,9:30,9:30,9:30,,,20:00,20:00,20:00,20:00,20:00,19:00,,,평일 09:30~20:00/토요일 09:30~19:00
새은평동물의료센터,9:00,9:00,9:00,9:00,9:00,,,,20:00,20:00,20:00,20:00,20:00,,,,평일 09:00~20:00
우리동물병원,10:00,10:00,10:00,10:00,10:00,10:00,10:00,10:00,20:00,20:00,20:00,20:00,20:00,20:00,20:00,20:00,매일 10:00~20:00/일 예약진료
송파 마리동물병원,9:00,9:00,9:00,9:00,9:00,9:00,9:00,,21:00,21:00,21:00,21:00,21:00,18:00,18:00,,평일 09:00~21:00 / 주말 09:00~18:00
하스펫탈동물병원,10:00,10:00,10:00,10:00,10:00,10:00,10:00,10:00,21:00,21:00,21:00,21:00,21:00,21:00,21:00,21:00,매일 10:00~21:00
원효종합동물병원,,,,,,,,,,,,,,,,,
씨밀레동물병원,,,,,,,,,,,,,,,,,
공감동물병원,10:00,10:00,10:00,10:00,10:00,10:00,,,20:00,20:00,20:00,20:00,20:00,17:00,,,평일 10:00~20:00/토 10:00~17:00
더케이동물병원,10:00,10:00,10:00,10:00,10:00,10:00,10:00,10:00,22:00,22:00,22:00,22:00,22:00,22:00,20:00,20:00,"월~토 10:00~22:00/일,공휴일 10:00~20:00"
레스펫동물병원,9:30,9:30,9:30,9:30,9:30,9:30,9:30,9:30,20:00,20:00,20:00,20:00,20:00,20:00,20:00,20:00,매일 09:30~20:00
스마트동물병원,10:00,10:00,10:00,10:00,10:00,10:00,10:00,10:00,19:00,19:00,19:00,19:00,19:00,19:00,19:00,19:00,매일 10:00~19:00 (접수마갑 18:00 까지)
도그플러스동물병원,11:00,11:00,11:00,11:00,11:00,11:00,11:00,,21:00,21:00,21:00,21:00,21:00,21:00,18:30,,월~토 11:00~21:00/일 11:00~18:30
아이웰동물병원,10:00,10:00,10:00,10:00,10:00,10:00,10:00,10:00,21:00,21:00,21:00,21:00,21:00,20:00,18:00,18:00,"평일 10:00~21:00/토 10:00~20:00/일,공휴일 10:00~18:00"
우리집동물병원,9:30,9:30,9:30,9:30,9:30,9:00,,,19:30,19:30,19:30,19:30,19:30,18:00,,,평일 09:30~19:30/토 09:00~18:00
24시 굿케어동물의료센터,0:00,0:00,0:00,0:00,0:00,0:00,0:00,0:00,24:00:00,24:00:00,24:00:00,24:00:00,24:00:00,24:00:00,24:00:00,24:00:00,매일 00:00~24:00
파스텔동물병원,10:10,10:10,10:10,10:10,10:10,10:10,,,19:00,19:00,19:00,19:00,19:00,14:30,,,평일 10:10~19:00 / 토 10:10~14:30
마이펫동물의료센타,0:00,0:00,0:00,0:00,0:00,0:00,0:00,0:00,24:00:00,24:00:00,24:00:00,24:00:00,24:00:00,24:00:00,24:00:00,24:00:00,매일 00:00~24:00
성내동물병원,10:00,10:00,10:00,10:00,10:00,10:00,,10:00,21:00,21:00,21:00,21:00,21:00,20:00,,20:00,"평일 10:00~21:00 / 토,공휴일 10:00~20:00"
드림동물병원,10:00,10:00,10:00,10:00,10:00,10:00,,,19:00,19:00,19:00,19:00,19:00,17:00,,,평일 10:00~19:00 / 토요일 10:00~17:00
디아크동물종합병원,,,,,,,,,,,,,,,,,
동물병원 다온,10:00,10:00,10:00,10:00,10:00,10:00,10:00,10:00,22:00,22:00,22:00,22:00,22:00,22:00,22:00,22:00,일반진료 10:00~22:00/응급진료 24:00~08:00
레미동물병원,10:00,10:00,,10:00,10:00,10:00,10:00,,20:00,20:00,,20:00,20:00,20:00,20:00,,"월,화,목,금,주말 10:00~20:00"
라파엘동물병원,0:00,0:00,0:00,0:00,0:00,0:00,0:00,0:00,24:00:00,24:00:00,24:00:00,24:00:00,24:00:00,24:00:00,24:00:00,24:00:00,매일 00:00~24:00
나을동물병원,10:00,10:00,10:00,10:00,10:00,10:00,,10:00,19:00,19:00,19:00,19:00,19:00,18:00,,18:00,"평일 10:00~19:00 / 토,공휴일 10:00~18:00"
항동푸른숲동물병원,10:00,10:00,10:00,10:00,10:00,10:00,10:00,,20:00,20:00,20:00,20:00,20:00,20:00,18:00,,"평일,토요일 10:00~20:00 / 일요일 10:00~18:00 (휴진으로 용품 구입만 가능)"
백슬동물병원,10:00,10:00,10:00,10:00,10:00,10:00,10:00,10:00,20:00,20:00,20:00,20:00,20:00,20:00,20:00,20:00,매일 10:00~20:00
자연동물병원,,,,,,,,,,,,,,,,,
박형우동물병원,10:30,10:30,10:30,,10:30,10:30,,10:30,21:00,21:00,21:00,,21:00,21:00,,21:00,"월,화,수,금,토,공휴일 09:30~21:00 (진료 10:30~)"
늘사랑동물병원,9:30,9:30,9:30,9:30,9:30,9:30,,,20:00,20:00,20:00,20:00,20:00,19:00,,,평일 09:30~20:00/토 09:30~19:00
하나사랑동물병원,9:30,9:30,9:30,9:30,9:30,9:30,9:30,9:30,22:00,22:00,22:00,22:00,22:00,22:00,22:00,22:00,매일 09:30~22:00
아이사랑동물병원,10:00,10:00,10:00,10:00,10:00,,10:00,10:00,20:00,20:00,20:00,20:00,20:00,,17:00,17:00,"평일 09:30~20:00 (진료시간 10:00~) / 일,공휴일 09:30~18:00 (진료시간 10:00~17:00)"
메이트동물병원,9:30,9:30,9:30,9:30,9:30,9:30,9:30,9:30,21:00,21:00,21:00,21:00,21:00,21:00,21:00,21:00,매일 09:30~21:00
평생피부과동물병원,9:30,9:30,9:30,9:30,9:30,9:30,,9:30,19:00,19:00,19:00,19:00,19:00,18:00,,18:00,"평일 09:30~19:00 / 토,공휴일 09:30~18:00"
야옹동물병원,10:00,10:00,10:00,10:00,10:00,10:00,,,19:00,19:00,19:00,19:00,19:00,17:00,,,평일 10:00~19:00/토 10:00~17:00
드림동물병원,10:00,10:00,10:00,10:00,10:00,10:00,10:00,10:00,19:00,19:00,19:00,19:00,19:00,19:00,19:00,19:00,매일 10:00~19:00
중앙동물병원,9:30,9:30,9:30,9:30,9:30,,,,20:30,20:30,20:30,20:30,20:30,,,,평일 09:30~20:30
아이힐동물병원,10:00,10:00,10:00,10:00,10:00,10:00,10:00,,21:00,21:00,21:00,21:00,21:00,18:30,18:30,,평일 10:00~21:00/주말 10:00~18:30
지엔동물병원,10:00,10:00,10:00,10:00,10:00,10:00,10:00,10:00,20:00,20:00,20:00,20:00,20:00,20:00,20:00,20:00,매일 10:00~20:00
두루동물병원,,,,,,,,,,,,,,,,,
한나동물병원,10:00,10:00,10:00,10:00,10:00,10:00,,,20:00,20:00,20:00,20:00,20:00,19:00,,,평일 10:00~20:00 / 토요일 10:00~19:00
강서YD동물의료센터,0:00,0:00,0:00,0:00,0:00,0:00,0:00,0:00,24:00:00,24:00:00,24:00:00,24:00:00,24:00:00,24:00:00,24:00:00,24:00:00,매일 00:00~24:00
영등포아크로 동물병원,10:00,10:00,10:00,10:00,10:00,10:00,,,20:00,20:00,20:00,20:00,20:00,20:00,,,월~토 10:00~20:00
서서울호수동물병원,10:00,10:00,10:00,10:00,10:00,10:00,,10:00,20:00,20:00,20:00,20:00,20:00,18:00,,18:00,"평일 10:00~20:00 / 토,공휴일 10:00~18:00"
한솔동물병원,9:50,9:50,9:50,9:50,9:50,9:50,9:50,,19:00,19:00,19:00,19:00,19:00,16:30,16:30,,평일 09:50~19:00 / 주말 09:50~16:30
24시 루시드동물메디컬센터,0:00,0:00,0:00,0:00,0:00,0:00,0:00,0:00,24:00:00,24:00:00,24:00:00,24:00:00,24:00:00,24:00:00,24:00:00,24:00:00,매일 00:00~24:00
롯데동물병원,10:00,10:00,10:00,10:00,10:00,10:00,10:00,10:00,21:00,21:00,21:00,21:00,21:00,21:00,21:00,21:00,매일 10:00~21:00
우솔동물병원,10:00,10:00,10:00,13:00,10:00,10:00,,10:00,20:00,20:00,20:00,20:00,20:00,18:30,,18:30,"월,화,수,금 10:00~20:00/목 13:00~20:00/토,공휴일 10:00~18:30"
민병철동물병원,,,,,,,,,,,,,,,,,
서경석동물병원,10:00,10:00,10:00,10:00,10:00,10:00,,10:00,20:00,20:00,20:00,20:00,20:00,19:00,,19:00,"평일 10:00~20:00/토,공휴일 10:00~19:00"
서이동물병원,9:00,9:00,9:00,9:00,9:00,9:00,,9:00,19:00,19:00,19:00,19:00,19:00,15:00,,15:00,"평일 09:00~19:00 / 토,공휴일 09:00~15:00"
해맞이동물병원,10:00,10:00,10:00,10:00,10:00,10:00,,10:00,20:00,20:00,20:00,20:00,20:00,18:00,,18:00,"평일 10:00~20:00 / 토,공휴일 10:00~18:00"
태양종합동물병원,,,,,,,,,,,,,,,,,
그린동물병원,,,,,,,,,,,,,,,,,
메이플동물의료센터,10:00,10:00,10:00,10:00,10:00,10:00,,,20:00,20:00,20:00,20:00,20:00,19:00,,,평일 10:00~20:00 / 토요일 10:00~19:00
다움동물병원,10:00,10:00,10:00,10:00,10:00,10:00,10:00,,21:00,21:00,21:00,21:00,21:00,19:00,19:00,,평일 10:00~21:00/주말 10:00~19:00
강앤정동물병원,9:30,9:30,9:30,9:30,9:30,9:30,9:30,9:30,22:30,22:30,22:30,22:30,22:30,22:30,18:30,18:30,"평일,토요일 09:30~22:30 / 일,공휴일 09:30~18:30"
온 동물병원,10:00,10:00,10:00,10:00,10:00,10:00,,10:00,20:00,20:00,20:00,20:00,20:00,19:00,,19:00,"평일 10:00~20:00/토,공휴일 10:00~19:00"
강북동물병원,,,,,,,,,,,,,,,,,
호수동물병원,10:00,10:00,10:00,10:00,10:00,10:00,,,20:00,20:00,20:00,20:00,20:00,20:00,,,"평일,토 10:00~20:00"
보성통증동물병원,10:30,10:30,,10:30,10:30,10:30,,,18:30,18:30,,18:30,18:30,18:00,,,평일 10:30~18:30(수요일 휴무) / 토요일 10:30~18:00
VIP동물의료센터 서초점,10:00,10:00,10:00,10:00,10:00,10:00,10:00,10:00,20:00,20:00,20:00,20:00,20:00,20:00,20:00,20:00,매일 주간진료 10:00~20:00/야간진료 20:00~09:00
고려종합동물병원,10:00,10:00,10:00,10:00,10:00,10:00,,,20:00,20:00,20:00,20:00,20:00,19:00,,,평일 10:00~20:00/토 10:00~19:00/예약 시 응급진료 가능
365 한가람동물의료센터,9:30,9:30,9:30,9:30,9:30,9:30,9:30,9:30,21:30,21:30,21:30,21:30,21:30,21:30,21:30,21:30,매일 09:30~21:30/야간 응급실
도그원동물의료센터,10:30,10:30,10:30,10:30,10:30,10:30,,,20:30,20:30,20:30,20:30,20:30,20:30,,,월~토 10:30~20:30
마음사랑동물병원,10:00,10:00,10:00,10:00,10:00,10:00,11:00,10:00,20:00,20:00,20:00,20:00,20:00,20:00,17:00,19:00,"평일,토요일 10:00~20:00 / 일요일 11:00~17:00 / 공휴일 10:00~19:00"
비바동물병원,10:00,10:00,10:00,10:00,10:00,10:00,,,19:30,19:30,19:30,19:30,19:30,18:00,,,평일 10:00~19:30 / 토요일 10:00~18:00
러브펫동물병원 타임스퀘어점,10:30,10:30,10:30,10:30,10:30,10:30,11:00,10:30,20:00,20:00,20:00,20:00,20:00,20:00,19:00,20:00,매일 10:30~20:00/일요일 11:00~19:00/펫샵은 10:00~22:00
송정동물메디컬센터,10:00,10:00,10:00,10:00,10:00,10:00,13:00,,22:00,22:00,22:00,22:00,22:00,22:00,18:00,,월~토 10:00~22:00/일 13:00~18:00
로얄도그&캣메디컬센터 스타건대점,0:00,0:00,0:00,0:00,0:00,0:00,0:00,0:00,24:00:00,24:00:00,24:00:00,24:00:00,24:00:00,24:00:00,24:00:00,24:00:00,매일 00:00~24:00/야간 22:00~09:00
루시드동물메디컬센터 동대문점,9:00,9:00,9:00,9:00,9:00,9:00,9:00,9:00,22:00,22:00,22:00,22:00,22:00,22:00,22:00,22:00,매일 09:00~22:00
광진필동물병원,10:00,10:00,10:00,10:00,10:00,10:00,10:00,,21:00,21:00,21:00,21:00,21:00,21:00,21:00,,주간진료 10:00~21:00 / 응급진료 21:00~10:00 (일요일 응급실 휴진)
우리동물병원,9:30,9:30,9:30,9:30,9:30,9:30,,,19:00,19:00,19:00,19:00,19:00,15:00,,,평일 09:30~19:00/토 09:30~15:00
열린동물병원,,,,,,,,,,,,,,,,,
메디펫 동물병원,10:00,10:00,10:00,10:00,10:00,10:00,10:00,,19:00,19:00,19:00,19:00,19:00,18:00,18:00,,평일 10:00~19:00 / 주말 10:00~18:00
키다리 동물병원,10:00,10:00,10:00,10:00,10:00,10:00,,,20:00,20:00,20:00,20:00,20:00,18:00,,,평일 10:00~20:00 / 토요일 10:00~18:00
닥터박동물병원,0:00,0:00,0:00,0:00,0:00,0:00,0:00,0:00,24:00:00,24:00:00,24:00:00,24:00:00,24:00:00,24:00:00,24:00:00,24:00:00,매일 00:00~24:00 (23:00~09:00까지 입원환자 관리시간으로 진료는 하지 않습니다)
행복한동물병원,10:00,10:00,10:00,10:00,10:00,10:00,,,20:00,20:00,20:00,20:00,20:00,19:00,,,평일 10:00~20:00 / 토요일 10:00~19:00
리센츠스타동물병원,10:00,10:00,10:00,10:00,10:00,10:00,,,19:00,19:00,19:00,19:00,19:00,17:00,,,평일 10:00~19:00 / 토요일 10:00~17:00
늘푸른동물병원,9:00,9:00,9:00,9:00,9:00,9:00,,,18:00,18:00,18:00,18:00,18:00,16:00,,,평일 09:00~19:00(접수마감 18:00)/토 09:00~17:00(접수마감 16:00)
그랜드동물병원,10:00,10:00,10:00,10:00,10:00,10:00,10:00,10:00,21:00,21:00,21:00,21:00,21:00,21:00,21:00,21:00,매일 10:00~21:00
중랑차 동물병원,10:00,10:00,10:00,10:00,10:00,10:00,,,18:00,18:00,18:00,18:00,18:00,16:00,,,평일 10:00~18:00/토 10:00~16:00
성지동물병원,10:00,10:00,10:00,10:00,10:00,10:00,,,20:00,20:00,20:00,20:00,20:00,16:00,,,평일 10:00~20:00/토 10:00~16:00
고래힐동물병원,10:00,10:00,10:00,10:00,10:00,10:00,10:00,,22:00,22:00,22:00,22:00,22:00,22:00,20:00,,"평일,토 10:00~22:00/일 10:00~20:00"
돌봄동물병원,10:00,10:00,10:00,10:00,10:00,10:00,,10:00,20:00,20:00,20:00,20:00,20:00,18:00,,18:00,"평일 10:00~20:00/토,공휴일 10:00~18:00"
한강동물병원,,,,,,,,,,,,,,,,,
허브동물병원,10:00,10:00,10:00,10:00,10:00,10:00,10:00,10:00,22:00,22:00,22:00,22:00,22:00,22:00,22:00,22:00,매일 10:00~22:00
이리온동물병원,10:00,10:00,10:00,10:00,10:00,10:00,10:00,10:00,21:30,21:30,21:30,21:30,21:30,21:30,21:30,21:30,"매일 10:00~21:30 / 24시간 응급,야간 진료"
서초이음동물병원,10:00,10:00,10:00,10:00,10:00,10:00,10:00,,20:00,20:00,20:00,20:00,20:00,20:00,18:00,,월~토 10:00~20:00 / 일요일 10:00~18:00
한사랑동물병원,11:00,11:00,,11:00,11:00,11:00,,,20:00,20:00,,20:00,20:00,19:00,,,평일 11:00~20:00(수요일 휴무)/토 11:00~19:00
독립문동물병원,9:00,9:00,9:00,9:00,9:00,9:00,,,18:00,18:00,18:00,18:00,18:00,12:00,,,평일 09:00~18:00/토 09:00~12:00
대방동물병원,10:30,10:30,10:30,10:30,10:30,10:30,,,18:00,18:00,18:00,18:00,18:00,17:00,,,평일 10:30~18:00/토 10:30~17:00
차오름동물병원,10:00,10:00,10:00,10:00,10:00,10:00,,,20:00,20:00,20:00,20:00,20:00,18:00,,,평일 10:00~20:00/토 10:00~18:00
아람동물병원,9:30,9:30,9:30,9:30,9:30,9:30,,,19:30,19:30,19:30,19:30,19:30,18:00,,,평일 09:30~19:30/토 09:30~18:00
참 동물병원,9:00,9:00,9:00,9:00,9:00,9:00,9:00,9:00,20:30,20:30,20:30,20:30,20:30,20:30,20:30,20:30,매일 09:00~20:30
플러스동물메디컬센터,10:00,10:00,10:00,,10:00,10:00,10:00,,20:00,20:00,20:00,,20:00,20:00,20:00,,"월,화,수,금,주말 10:00~20:00"
이비치 동물치과병원,9:00,9:00,9:00,9:00,9:00,9:00,,,18:00,18:00,18:00,18:00,18:00,18:00,,,월~토 09:00~18:00
헬로우동물병원,10:00,10:00,10:00,10:00,10:00,10:00,10:00,10:00,19:00,19:00,19:00,19:00,19:00,17:00,13:00,17:00,"평일 10:00~20:00(접수마감 19:00) / 토,공휴일 10:00~18:00 (접수마감 17:00) / 일요일 10:00~14:00 (접수마감 13:00)"
장평종합동물병원,9:00,9:00,9:00,9:00,9:00,9:00,10:00,10:00,21:00,21:00,21:00,21:00,21:00,21:00,20:00,20:00,"평일,토요일 09:00~21:00 / 일,공휴일 10:00~20:00"
대학동물병원,9:00,9:00,9:00,9:00,9:00,9:00,,,19:00,19:00,19:00,19:00,19:00,16:00,,,평일 09:00~19:00 / 토요일 09:00~16:00
우신동물병원,10:00,10:00,10:00,10:00,10:00,,10:00,,21:00,21:00,21:00,21:00,21:00,,19:00,,평일 10:00~21:00/일 10:00~19:00(야간진료 전화문의)
필동물종합병원,9:30,9:30,9:30,9:30,9:30,9:30,,9:30,20:00,20:00,20:00,20:00,20:00,19:00,,19:00,"평일 09:30~20:00/토,공휴일 09:30~19:00"
21세기동물병원,9:00,9:00,9:00,9:00,9:00,9:00,,,18:00,18:00,18:00,18:00,18:00,18:00,,,월~토 09:00~18:00
청담리덴동물치과병원,9:30,9:30,9:30,9:30,9:30,9:30,,,18:30,18:30,18:30,18:30,18:30,17:30,,,평일 09:30~18:30/토 09:30~17:30
24시 명 동물메디컬센터,0:00,0:00,0:00,0:00,0:00,0:00,0:00,0:00,24:00:00,24:00:00,24:00:00,24:00:00,24:00:00,24:00:00,24:00:00,24:00:00,매일 00:00~24:00
N동물의료센터 노원점,10:00,10:00,10:00,10:00,10:00,10:00,10:00,10:00,21:00,21:00,21:00,21:00,21:00,21:00,21:00,21:00,매일 10:00~21:00 (일반진료) / 매일 21:00~10:00 (응급진료)
가좌동물병원,9:30,9:30,9:30,9:30,9:30,9:30,10:00,9:30,21:30,21:30,21:30,21:30,21:30,21:30,18:00,21:30,매일 09:30~21:30 / 일요일 10:00~18:00
가락동물병원,9:30,9:30,9:30,9:30,9:30,9:30,,,19:00,19:00,19:00,19:00,19:00,17:00,,,평일 09:30~19:00/토 09:30~17:00
스마트 동물병원 신사본원,0:00,0:00,0:00,0:00,0:00,0:00,0:00,0:00,24:00:00,24:00:00,24:00:00,24:00:00,24:00:00,24:00:00,24:00:00,24:00:00,매일 00:00~24:00
서진동물병원,9:00,9:00,9:00,9:00,9:00,10:00,,10:00,19:00,19:00,19:00,19:00,19:00,18:00,,18:00,"평일 09:00~19:00/토,공휴일 10:00~18:00"
ILOVEPET 홈플러스남현점,,,,,,,,,,,,,,,,,
신천동물병원,,,,,,,,,,,,,,,,,
개와냥이동물병원,10:00,,10:00,10:00,10:00,10:00,,,19:00,,19:00,19:00,19:00,17:00,,,평일 10:00~19:00(화요일 휴무)/토요일 10:00~17:00
위드 동물병원,9:00,9:00,9:00,9:00,9:00,9:00,,,20:00,20:00,20:00,20:00,20:00,19:00,,,평일 09:00~20:00 / 토요일 09:00~19:00
쥬라기동물병원,9:00,9:00,9:00,9:00,9:00,9:00,,,20:00,20:00,20:00,20:00,20:00,20:00,,,"평일,토 09:00~20:00"
송파 바로 동물병원,9:00,9:00,9:00,9:00,9:00,9:00,9:00,9:00,21:00,21:00,21:00,21:00,21:00,21:00,21:00,21:00,일반진료 매일 09:00~21:00 / 야간응급진료 매일 21:00~09:00
메디펫동물병원,10:00,10:00,10:00,10:00,10:00,10:00,10:00,10:00,19:00,19:00,19:00,19:00,19:00,16:00,19:00,19:00,매일 10:00~19:00(18:30진료접수마감)/토 10:00~16:00(16:30 진료접수마감)
노아동물병원,9:30,9:30,9:30,9:30,9:30,9:30,,9:30,19:00,19:00,19:00,19:00,19:00,15:30,,15:30,"평일 09:30~19:00 / 토,공휴일 09:30~15:30"
VIP동물의료센터 동대문점,10:00,10:00,10:00,10:00,10:00,10:00,10:00,10:00,19:00,19:00,19:00,19:00,19:00,19:00,19:00,19:00,일반진료 매일 10:00~19:00/ 야간진료 19:00~24:00/ 심야응급 22:00~09:00(일요일제외) / 일요일 10:00~19:00
오라고동물병원,9:30,9:30,9:30,9:30,9:30,9:30,,,19:00,19:00,19:00,19:00,19:00,17:00,,,평일 09:30~19:00 / 토요일 09:30~17:00
송파데일리동물병원,10:00,10:00,10:00,10:00,10:00,10:00,10:00,10:00,21:00,21:00,21:00,21:00,21:00,21:00,19:00,21:00,월~토 10:00~21:00/일 10:00~19:00/공휴일 10:00~21:00
호 동물병원,10:00,10:00,10:00,10:00,10:00,10:00,,10:00,19:00,19:00,19:00,19:00,19:00,18:00,,18:00,"평일 10:00~19:00(전화예약시 20:00)/토,공휴일 10:00~18:00"
문정탑동물병원,10:00,10:00,10:00,10:00,10:00,10:00,,10:00,19:00,19:00,19:00,19:00,19:00,17:00,,17:00,"평일 10:00~19:00/토,공휴일 10:00~17:00"
행복한우리아이동물병원,9:00,9:00,9:00,9:00,9:00,,,,21:00,21:00,21:00,21:00,21:00,,,,평일 09:00~21:00
김미경동물병원,10:00,10:00,10:00,10:00,10:00,10:00,10:00,,21:00,21:00,21:00,21:00,21:00,21:00,17:30,,"평일,토요일 10:00~21:00 / 일요일 10:00~17:30"
쿨펫동물병원 빅마켓금천점,11:00,11:00,11:00,11:00,11:00,11:00,11:00,11:00,20:00,20:00,20:00,20:00,20:00,20:00,20:00,20:00,매일 10:00~22:00 (진료 11:00~20:00)
LK동물병원,10:30,10:30,10:30,10:30,10:30,10:30,10:30,,20:00,20:00,20:00,20:00,20:00,18:00,18:00,,평일 10:30~20:00/주말 10:30~18:00
애니케어동물병원,10:00,10:00,10:00,10:00,10:00,10:00,,,20:00,20:00,20:00,20:00,20:00,18:00,,,평일 10:00~20:00 / 토요일 10:00~18:00
빛가온동물병원,10:00,10:00,10:00,10:00,10:00,10:00,,,20:00,20:00,20:00,20:00,20:00,19:00,,,평일 10:00~20:00 / 토요일 10:00~19:00
날으는동물병원,9:30,9:30,9:30,9:30,9:30,,10:30,10:30,19:30,19:30,19:30,19:30,19:30,,16:30,16:30,"평일 09:30~19:30 / 일,공휴일 10:30~16:30"
닥터아이펫 동물병원,10:00,10:00,10:00,10:00,10:00,10:00,10:00,10:00,19:00,19:00,19:00,19:00,19:00,19:00,19:00,19:00,매일 10:00~19:00(19시 이후는 예약진료만 가능)/일요일 10:00~19:00
벨라동물병원,9:30,9:30,9:30,9:30,9:30,9:30,,10:00,19:30,19:30,19:30,19:30,19:30,19:00,,12:00,평일 09:30~19:30/토 09:30~19:00/공휴일 10:00~12:00(예약진료)
서교동물병원,9:30,9:30,9:30,9:30,9:30,9:30,9:30,9:30,20:30,20:30,20:30,20:30,20:30,20:30,20:30,20:30,매일 09:30~20:30
캥거루동물병원,10:00,10:00,10:00,10:00,10:00,10:00,,,18:30,18:30,18:30,18:30,18:30,17:00,,,평일 10:00~18:30/토 10:00~17:00
둘레길동물병원,10:00,10:00,10:00,10:00,10:00,10:00,,,20:00,20:00,20:00,20:00,20:00,18:00,,,평일 10:00~20:00/토 10:00~18:00
에버펫 동물병원,10:00,10:00,10:00,10:00,10:00,10:00,10:00,,21:00,21:00,21:00,21:00,21:00,20:00,20:00,,평일 10:00~21:00/주말 10:00~20:00
24시 SNC 동물메디컬센터,10:00,10:00,10:00,10:00,10:00,10:00,10:00,10:00,21:00,21:00,21:00,21:00,21:00,21:00,21:00,21:00,매일 00:00~24:00/주간진료 10:00~21:00/야간진료 22:00~09:00
기린동물병원,10:00,10:00,10:00,10:00,10:00,10:00,,,18:30,18:30,18:30,18:30,18:30,13:30,,,평일 10:00~18:30/토요일 10:00~13:30
방주동물의료센터,9:30,9:30,9:30,9:30,9:30,9:30,,9:30,19:30,19:30,19:30,19:30,19:30,19:00,,19:00,"평일 09:30~19:30/토,공휴일 09:30~19:00"
행복이있는동물병원,10:00,10:00,10:00,10:00,10:00,10:00,,,19:00,19:00,19:00,19:00,19:00,18:00,,,평일 10:00~19:00/토 10:00~18:00
다래동물병원,10:00,10:00,10:00,10:00,10:00,10:00,,,20:00,20:00,20:00,20:00,20:00,18:00,,,평일 10:00~20:00/토 10:00~18:00
디아나동물병원,10:00,10:00,10:00,10:00,10:00,10:00,,10:00,20:00,20:00,20:00,20:00,20:00,20:00,,20:00,"평일,토요일,공휴일 10:00~20:00"
이상록동물병원,9:30,9:30,13:00,9:30,9:30,,,10:00,19:00,19:00,22:00,19:00,19:00,,,17:00,평일 09:30~19:00 / 수요일 13:00~22:00 / 공휴일 10:00~17:00
스카이동물병원,10:00,10:00,10:00,10:00,10:00,10:00,10:00,,19:00,19:00,19:00,19:00,19:00,16:30,16:30,,평일 10:00~19:00/주말 10:00~16:30
준동물병원,11:00,11:00,11:00,11:00,11:00,11:00,13:00,,19:00,19:00,19:00,19:00,19:00,16:00,17:00,,평일 11:00~19:00 / 토요일 11:00~16:00 / 일요일 13:00~17:00 (예약진료만 가능)
이안동물의학센터,9:00,9:00,9:00,9:00,9:00,9:00,9:00,9:00,21:00,21:00,21:00,21:00,21:00,21:00,21:00,21:00,매일 09:00~21:00
동물병원 닥터K,10:30,10:30,10:30,10:30,10:30,10:30,,10:30,21:00,21:00,21:00,21:00,21:00,18:00,,18:00,"평일 10:30~21:00 / 토,공휴일 10:30~18:00"
노아동물병원,,,,,,,,,,,,,,,,,
달링동물병원,10:00,10:00,10:00,10:00,10:00,10:00,,,19:00,19:00,19:00,19:00,19:00,17:00,,,평일 10:00~19:00 / 토요일 10:00~17:00
봄사랑동물병원,10:00,10:00,10:00,10:00,10:00,10:00,,,19:00,19:00,19:00,19:00,19:00,17:00,,,평일 10:00~19:00/토 10:00~17:00
동물병원 움,10:00,10:00,10:00,10:00,10:00,10:00,10:00,10:00,20:00,20:00,20:00,20:00,20:00,20:00,20:00,20:00,매일 10:00~20:00
넬동물병원,9:30,9:30,9:30,9:30,9:30,9:30,9:30,,22:00,22:00,22:00,22:00,22:00,22:00,20:00,,"평일,토 09:30~22:00/일 09:30~20:00"
동물사랑 동물병원,10:00,10:00,10:00,10:00,10:00,10:00,,,20:00,20:00,20:00,20:00,20:00,20:00,,,"평일,토요일 10:00~20:00"
참좋은동물병원,9:30,9:30,9:30,9:30,9:30,9:30,,9:30,20:00,20:00,20:00,20:00,20:00,18:00,,18:00,"평일 09:30~20:00/토,공휴일 09:30~18:00"
프렌즈동물병원,10:00,10:00,10:00,10:00,10:00,10:00,,10:00,20:00,20:00,20:00,20:00,20:00,18:00,,18:00,"평일 10:00~20:00/토,공휴일 10:00~18:00"
피카소동물병원,9:30,9:30,9:30,9:30,9:30,9:30,9:30,9:30,20:00,20:00,20:00,20:00,20:00,20:00,17:00,20:00,매일 09:30~20:00 (진료접수마감 19시) / 일요일 09:30~17:00 (진료마감16시)
더조은동물의료센터,9:30,9:30,9:30,9:30,9:30,9:30,10:00,,21:30,21:30,21:30,21:30,21:30,21:30,20:00,,월~토 09:30~21:30/일 10:00~20:00
닥터펫동물병원,10:00,10:00,10:00,10:00,10:00,10:00,10:00,10:00,22:00,22:00,22:00,22:00,22:00,22:00,22:00,22:00,매일 10:00~22:00
카카오N동물병원,10:00,10:00,10:00,10:00,10:00,,,,20:00,20:00,20:00,20:00,20:00,,,,평일 10:00~20:00
꿈꾸는동물병원,10:00,10:00,14:00,10:00,10:00,10:00,,,19:00,23:00,19:00,19:00,19:00,16:00,,,"월,목,금요일 10:00~19:00 / 화요일 10:00~23:00 / 수요일 14:00~19:00 / 토요일 10:00~16:00"
북악동물병원,9:00,9:00,9:00,9:00,9:00,9:00,,,19:30,19:30,19:30,19:30,19:30,15:00,,,"평일 09:00~19:30/토 09:00~15:00/(일,공휴일 예약진료)"
구름동물병원,10:00,10:00,10:00,10:00,10:00,10:00,,,20:00,20:00,20:00,20:00,20:00,19:00,,,평일 10:00~20:00 / 토요일 10:00~19:00
에이플러스동물병원,10:00,10:00,10:00,10:00,10:00,10:00,10:00,10:00,20:00,20:00,20:00,20:00,20:00,20:00,18:00,18:00,"월~토 10:00~20:00 / 일,공휴일 10:00~18:00"
스마트 동물병원,9:00,9:00,9:00,9:00,9:00,9:00,9:00,9:00,22:30,22:30,22:30,22:30,22:30,22:30,22:30,22:30,매일 09:00~22:30
굿모닝동물병원,10:00,10:00,10:00,10:00,10:00,10:00,,,19:30,19:30,19:30,19:30,19:30,19:30,,,"평일,토요일 10:00~19:30"
그레이스동물병원,10:00,10:00,10:00,10:00,10:00,10:00,10:00,10:00,20:00,20:00,20:00,20:00,20:00,20:00,20:00,20:00,매일 10:00~20:00
마로동물병원,,,,,,,,,,,,,,,,,
강남예치과동물병원,9:30,9:30,9:30,9:30,9:30,,,,18:30,18:30,18:30,18:30,18:30,,,,평일 09:30~18:30
현대동물병원,10:00,10:00,10:00,10:00,10:00,10:00,,,20:00,20:00,20:00,20:00,20:00,20:00,,,"평일,토 10:00~20:00"
미니주동물병원,10:00,10:00,10:00,10:00,10:00,10:00,,10:00,20:00,20:00,20:00,20:00,20:00,19:00,,19:00,"평일 10:00~20:00 / 토,공휴일 10:00~19:00"
혜민동물병원,14:00,13:30,11:00,13:30,14:00,12:00,12:00,,16:00,21:00,15:00,21:00,16:00,17:00,17:00,,"월,금 14:00~16:00/화,목 13:30~21:00/수 11:00~15:00/주말 12:00~17:00"
한국동물병원,,,,,,,,,,,,,,,,,
둔촌동물병원,10:00,10:00,10:00,10:00,10:00,10:00,11:00,11:00,22:00,22:00,22:00,22:00,22:00,22:00,20:00,20:00,"평일,토요일 10:00~22:00 / 일,공휴일 11:00~20:00"
푸른들동물병원,10:00,10:00,10:00,10:00,10:00,10:00,,,19:30,19:30,19:30,19:30,19:30,18:30,,,평일 10:00~19:30 / 토 10:00~18:30
상아동물병원,10:00,10:00,10:00,10:00,10:00,10:00,,10:00,21:00,21:00,21:00,21:00,21:00,19:00,,19:00,"평일 10:00~21:00/토,공휴일 10:00~19:00"
박동물병원,10:00,10:00,10:00,10:00,10:00,10:00,10:00,10:00,18:30,18:30,18:30,18:30,18:30,18:30,18:30,18:30,매일 10:00~18:30
품 동물의료센터,9:00,9:00,9:00,9:00,9:00,,10:00,,22:00,22:00,22:00,22:00,22:00,,20:00,,평일 09:00~22:00/일 10:00~20:00
은빛동물병원,10:00,10:00,10:00,10:00,10:00,10:00,,10:00,19:30,19:30,19:30,19:30,19:30,17:30,,12:00,평일 10:00 ~ 19:30 /토 10:00 ~17:30 /공휴일 10:00~ 12:00
조정연동물병원,,,,,,,,,,,,,,,,,
혜원동물병원,9:00,9:00,9:00,9:00,9:00,,,9:00,19:00,19:00,19:00,19:00,19:00,,,19:00,평일 09:00~19:00/공휴일 09:00~19:00
북아현동물병원,10:00,10:00,10:00,10:00,10:00,10:00,10:00,10:00,20:00,20:00,20:00,20:00,20:00,20:00,18:00,20:00,매일 10:00~20:00 / 일요일10:00~18:00
미소동물병원,10:30,10:30,10:30,10:30,10:30,10:30,,10:30,20:30,20:30,20:30,20:30,20:30,19:00,,19:00,"평일 10:30~20:30/토,공휴일 10:30~19:00"
한샘종합동물병원,9:30,9:30,9:30,9:30,9:30,9:30,9:30,9:30,20:00,20:00,20:00,20:00,20:00,20:00,20:00,20:00,매일 09:30~20:00
대한동물병원,,,,,,,,,,,,,,,,,
서울종합동물병원,9:30,9:30,9:30,9:30,9:30,9:30,9:30,9:30,20:00,20:00,20:00,20:00,20:00,20:00,20:00,20:00,매일 09:30~20:00
해동물병원,9:00,9:00,9:00,9:00,9:00,9:00,,,19:00,19:00,19:00,19:00,19:00,15:00,,,평일 09:00~19:00/토 09:00~15:00
암사동물병원,,,,,,,,,,,,,,,,,
시온동물병원,,,,,,,,,,,,,,,,,
청담눈초롱안과동물병원,10:00,10:00,10:00,10:00,10:00,10:00,10:00,10:00,19:00,19:00,19:00,19:00,19:00,19:00,19:00,19:00,오전 10:00~19:00
케이나인종합동물병원 본점,,,,,,,,,,,,,,,,,
모모동물병원,10:00,10:00,10:00,10:00,10:00,10:00,,10:00,20:00,20:00,20:00,20:00,20:00,17:00,,17:00,"평일 10:00~20:00(접수마감 19:30) / 토요일,공휴일 10:00~17:00"
엔젤동물병원,9:30,9:30,9:30,9:30,9:30,9:30,,,20:00,20:00,20:00,20:00,20:00,14:30,,,평일 09:30~20:00/토 09:30~14:30
나은동물병원,9:30,9:30,9:30,9:30,9:30,10:00,,,20:00,20:00,20:00,20:00,20:00,19:00,,,평일 09:30~20:00/토 10:00~19:00
리베동물메디컬센터,10:00,10:00,10:00,10:00,10:00,10:00,10:00,10:00,22:00,22:00,22:00,22:00,22:00,22:00,22:00,22:00,매일 10:00~22:00
늘푸른동물병원,9:00,9:00,9:00,9:00,9:00,9:00,,,19:00,19:00,19:00,19:00,19:00,17:00,,,평일 09:00~19:00 / 토요일 09:00~17:00
pet365 동물병원,9:30,9:30,9:30,9:30,9:30,9:30,9:30,9:30,20:00,20:00,18:00,20:00,20:00,20:00,18:00,18:00,"월,화,목,금,토요일 09:30~20:00 / 수,일,공휴일 09:30~18:00"
서울동물심장병원,,9:30,9:30,9:30,9:30,9:30,,,,17:30,17:30,17:30,17:30,17:30,,,화~토요일 09:30~17:30
다랑동물병원,10:00,10:00,10:00,10:00,10:00,10:00,,10:00,20:00,20:00,20:00,20:00,20:00,19:00,,20:00,"평일,공휴일 10:00~20:00 / 토요일 10:00~19:00"
라임동물병원,9:30,9:30,9:30,9:30,9:30,9:30,9:30,,20:30,20:30,20:30,20:30,20:30,19:00,19:00,,평일 09:30~20:30 / 주말 09:30~19:00
초이스동물병원,,,,,,,,,,,,,,,,,
DS동물병원,10:00,10:00,10:00,10:00,10:00,10:00,,,20:00,20:00,20:00,20:00,20:00,19:00,,,평일 10:00~20:00/토 10:00~19:00
쿨펫동물병원,10:00,10:00,10:00,10:00,10:00,10:00,10:00,10:00,21:00,21:00,21:00,21:00,21:00,21:00,21:00,21:00,매일 10:00~21:00
엔젤동물병원,9:00,9:00,9:00,9:00,9:00,9:00,9:00,9:00,21:00,21:00,21:00,21:00,19:00,21:00,21:00,21:00,매일 09:00~21:00/금 09:00~19:00
24시아프리카동물메디컬센터,9:00,9:00,9:00,9:00,9:00,9:00,9:00,9:00,23:00,23:00,23:00,23:00,23:00,23:00,23:00,23:00,매일 09:00~23:00 (주간진료) / 매일 23:00~09:00 (야간진료)
이다종합동물병원,,,,,,,,,,,,,,,,,
리즈 동물병원,10:00,10:00,10:00,10:00,10:00,11:00,,,20:00,20:00,20:00,20:00,20:00,17:00,,,평일 10:00~20:00 / 토요일 10:00~17:00 (진료는 11시부터)
드림펫동물병원,10:00,10:00,10:00,10:00,10:00,10:00,,,19:30,19:30,18:00,19:30,19:30,17:30,,,"월,화,목,금 10:00~19:30/수 10:00~18:00/토 10:00~17:30"
보노보노동물병원,10:00,10:00,,10:00,10:00,10:00,,,18:30,18:30,,18:30,18:30,18:30,,,"월,화,목,금,토 10:00~18:30 (12:30 오전진료 마감)"
주연동물병원,10:00,10:00,10:00,10:00,10:00,10:00,,,20:00,20:00,20:00,20:00,20:00,16:00,,,평일 10:00~20:00/토 10:00~16:00
25시동물병원,10:00,10:00,10:00,10:00,10:00,,,,20:00,20:00,20:00,20:00,20:00,,,,평일 10:00~20:00
정동물병원,10:00,10:00,10:00,10:00,10:00,10:00,,,19:30,19:30,19:30,19:30,19:30,16:30,,,평일 10:00~19:30/토 10:00~16:30
바른동물병원,9:30,9:30,9:30,9:30,9:30,10:00,,10:00,20:00,20:00,20:00,20:00,20:00,18:00,,18:00,"평일 09:30~20:00/토,공휴일 10:00~18:00"
위례 별 동물의료센터,9:00,9:00,9:00,9:00,9:00,9:00,9:00,9:00,22:00,22:00,22:00,22:00,22:00,22:00,22:00,22:00,매일 09:00~22:00
스마일플러스동물병원,10:00,10:00,10:00,10:00,10:00,,12:00,12:00,20:00,20:00,20:00,20:00,20:00,,20:00,20:00,"평일 09:30~20:00(진료는 10:00부터)/일,공휴일 12:00~20:00"
상암동물병원,,,,,,,,,,,,,,,,,
온누리종합동물병원,9:30,9:30,9:30,9:30,9:30,9:30,11:00,,21:30,21:30,21:30,21:30,21:30,21:30,19:00,,월~토 09:30~21:30/일 11:00~19:00/야간응급상담전화 운영
스마트동물병원 군자점,10:00,10:00,10:00,10:00,10:00,10:00,10:00,10:00,21:00,21:00,21:00,21:00,21:00,18:00,15:00,18:00,"평일 10:00~21:00 / 토,공휴일 10:00~18:00 / 일요일 10:00~15:00"
닥터호오 동물병원,9:30,9:30,9:30,9:30,9:30,9:30,11:00,,20:00,20:00,20:00,20:00,20:00,20:00,17:00,,"평일,토요일 09:30~20:00 / 일요일 11:00~17:00"
리오동물병원,9:30,9:30,9:30,9:30,9:30,9:30,,,20:30,20:30,20:30,20:30,20:30,18:00,,,평일 09:30~20:30 / 토요일 09:30~18:00
솔샘동물병원,0:09,0:09,0:09,0:09,0:09,0:09,,,19:30,19:30,19:30,19:30,19:30,15:00,,,평일 00:09~19:30 / 토요일 00:09~15:00
김민재동물병원,10:00,10:00,10:00,10:00,10:00,10:00,,,20:00,20:00,20:00,20:00,20:00,19:00,,,평일 10:00~20:00/토 10:00~19:00
